CVE-2004-0747,Apache,buffer overflow,ENVVAR constructs,.htaccess,httpd.conf files,
CVE-2004-0748,Apache,mod_ssl,DoS,denial of service,infinite loop,
CVE-2002-0935,Apache,Tomcat,Jakarta,DoS,denial of service,
CVE-2005-1268,Apache,mod_ssl contains,off-by-one,buffer overflow,mod_ssl,
CVE-2002-0653,Apache,buffer overflow,DoS,denial of service,.htaccess,
CVE-2001-1228,Apache,/bin/gzip,gzip,long string of characters,mod_gzip,
CVE-2007-0254,Apache,Geronimo,cross-site scripting,css,time parameter,
CVE-2008-0005,Apache,css,cross-site scripting,mod_proxy_ftp.c,
CVE-2008-0002,Apache,Tomcat,information disclosure,exception handling,request parameters,
CVE-2001-0729,Apache,oracle_cpu_jan_2007,OHS03,
CVE-2004-0786,Apache,IPv6,DoS,denial of service,apr_uri_parse,
CVE-2006-4625,Apache,PHP,information disclosure,ini_restore,httpd.conf,
CVE-2010-1632,Apache,Axis2,Java XML Document,Type Declaration Processing,DoS,
CVE-2003-0460,Apache,log files,Request-URI,0x1A character,CustomLog directive,
CVE-2003-0016,Apache,DoS,denial of service,MS-DOS device,arbitrary code execution,
CVE-2004-0942,Apache,Web Server,DoS,denial of service,HTTP GET,
CVE-2003-0253,Apache,DoS,denial of service,preform MPM,accept(),
CVE-2007-6258,Apache,mod_jk2,Host header,buffer overflow,arbitrary code execution,
CVE-2007-5333,Apache,Tomcat,information disclosure,cookie,quote,
CVE-2001-0108,Apache,PHP,.htaccess,mod_php,
CVE-2004-1082,Apache,mod_digest_apple,authentication credentials,
CVE-2004-1083,Apache,Mac OS X,Apple HFS+,.DS_Store,.ht,
CVE-2003-0192,Apache,weak ciphersuite,strong ciphersuite,per-directory renegotiations,SSLCipherSuite directive,
CVE-2007-3304,Apache,DoS,denial of service,Multi-Processing Module,MPM,
CVE-2002-0249,Apache,Windows,webroot,path disclosure,malformed URL,
CVE-2008-1232,Apache,Tomcat,xss,cross-site scripting,HttpServletResponse.sendError() call,
CVE-2008-4609,Apache,server,DoS,denial of service,infinite,
CVE-2008-2939,Apache,mod_proxy_ftp,URL containing a FTP wildcard character,
CVE-2008-2938,Apache,Tomcat,UTF8,Directory Traversal,remote file disclosure,
CVE-2004-0492,Apache,mod_proxy,DoS,denial of service,content-length header,
CVE-2004-0493,Apache,httpd 2.0.49,ap_get_mime_headers_core() function,DoS,denial of service,
CVE-2004-0490,Apache,cPanel,PHP,mod_php,suexec,
CVE-2004-0809,Apache,mod_dav,DoS,denial of service,LOCK requests,
CVE-2002-0843,Apache,ApacheBench,buffer overflow,ab.c module,
CVE-2002-0840,Apache,cross-site scripting,css,
CVE-2004-0646,Apache,mod_jrun,mod_jrun20,bounds checking,WriteToLog,
CVE-2008-2364,Apache,mod_proxy module,DoS,denial of service,Denail of Service,
CVE-2005-2963,Apache,mod_auth_shadow,authentication,security bypass,require group directive,
CVE-2001-1216,Apache,Oracle 9iAS,Oracle 9i Application Server,PL/SQL,buffer overflow,long URL request,
CVE-2001-1217,Apache,Oracle 9iAS,Oracle 9i Application Server,double URL decoding,superfluous decoding,directory traversal,
CVE-2007-1359,Apache,mod_security,filter circumvention,POST,application/x-www-form-urlencoded,
CVE-2007-3101,Apache,MyFaces,Tomahawk,JSF Framework,cross-site scripting,
CVE-2003-0973,Apache,mod_python,DoS,denial of service,malformed query,
CVE-2007-1741,Apache,HTTPD,suEXEC,utility,strncmp(),
CVE-2007-2449,Apache,Tomcat,JSP examples web application,xss,cross-site scripting,
CVE-2007-6388,Apache,HTTP Server,mod_status,cross-site scripting,
CVE-2007-1860,Apache,Tomcat JK Web Server Connector,authentication bypass,double encoded ..,apple_2007-007,
CVE-2007-1862,Apache,information disclosure,recall_headers function,mod_mem_cache,header data,
CVE-2006-1393,Apache,Pubcookie,cross-site scripting,CSS,mod_pubcookie,
CVE-2004-0113,Apache,mod_ssl,ssl_engine_io.c,DoS,denial of service,
CVE-2001-0042,Apache,apache,php,windows,nt,2000,
CVE-2003-0254,Apache,FTP Proxy,DoS,denial of service,IPv6 socket,
CVE-2007-3382,Apache,Tomcat,DoS,denial of service,session hijacking,
CVE-2007-3385,Apache,Tomcat,DoS,denial of service,session hijacking,
CVE-2002-1156,Apache,source code disclosure,crafted POST request,WebDAV,CGI,
CVE-2002-1157,Apache,mod_ssl module,server name,cross-site scripting,css,
CVE-2006-4110,Apache,mod_alias,canonicalization error,security bypass,information disclosure,
CVE-2006-5989,Apache,mod_auth_kerb,off-by-one error,DoS,denial of service,
CVE-2007-5135,Apache,OpenSSL,SSL_get_shared_ciphers,off-by-one buffer overflow,HP-UX,
CVE-2007-5342,Apache,Tomcat,JULI logging component,web application permissions,
CVE-2005-1344,Apache,Mac OS X,buffer overflow,Oracle_CPU_Oct_2006,
CVE-2003-0987,Apache,mod_digest,digest authentication credentials,
CVE-2004-0940,Apache,buffer overflow,get_tag,mod_include,SSI,
CVE-2003-0134,Apache,OS2,DoS,denial of service,filestat.c,
CVE-2006-4154,Apache,HTTP Server,format string error,mod_tcl module,set_var function,
CVE-2007-5797,Apache,Geronimo,authentication bypass,usernames,database,
CVE-2014-0094,Apache,apache,struts2,classloader,class,
CVE-2002-0061,Apache,Microsoft Windows,cmd.exe,default script,remote command execution,
CVE-2006-5752,Apache,arbitrary code execution,charset,mod_status module,
CVE-2008-1678,Apache,DoS,denial of service,zlib_stateful_init function,crypto/comp/c_zlib.c,
CVE-2006-7195,Apache,Tomcat,cross-site scripting,xss,implicit-objects.jsp,
CVE-2006-7196,Apache,Tomcat,calendar application,cross-site scripting,xss,
CVE-2003-0993,Apache,mod_access,big-endian 64 bit,restriction bypass,
CVE-2007-0774,Apache,Tomcat,JK Web Server Connector,stack overflow,URI handler,
CVE-2007-6342,Apache,sql injection,AuthCAS,
CVE-2001-0122,Apache,IBM,AfpaCache,WebSphere,Afpa,
CVE-2004-0751,Apache,mod_ssl,DoS,denial of service,infinite loop,
CVE-2007-6286,Apache,Tomcat,native APR connector,empty SSL requests,
CVE-2010-0425,Apache,SA38776,information disclosure,DoS,Denial-of-Service,
CVE-2005-3656,Apache,mod_auth_pgsql,format string,logs information,arbitrary code execution,
CVE-2003-0245,Apache,mod_dav,DoS,denial of service,
CVE-2003-0789,Apache,mod_cgid,AF_UNIX sockets,cgid daemon,multiprocessing module,
CVE-2008-3271,Apache,Tomcat,RemoteFilterValve,Security Bypass,synchronization problem,
CVE-2005-3510,Apache,Tomcat,DoS,denial of service,directory listing requests,
CVE-2002-0682,Apache,Tomcat,servlet,cross-site scripting,css,
CVE-2000-1210,Apache,Jakarta,Tomcat,.jsp,
CVE-2001-0730,Apache,Host: header,arbitrary file overwriting,log file,split-logfile script,
CVE-2001-0731,Apache,AutoIndex module,directory contents,crafted URL,index.html,
CVE-2008-1947,Apache,Tomcat,host-manager,xss,cross-site scripting,
CVE-2006-3918,Apache,HTTP Server,cross-site scripting,xss,Expect: header,
CVE-2001-0131,Apache,htdigets,htpasswd,race,symlink,
CVE-2007-1863,Apache,DoS,denial of service,Cache-Control headers,mod_cache module,
CVE-2005-2728,Apache,DoS,denial of service,byterange requests,CGI scripts,
CVE-2003-0083,Apache,terminal escape sequences,access logs,
CVE-2007-5000,Apache,cross-site scripting,xss,mod_imagemap module,mod_imap,
CVE-2007-6203,Apache,HTTP Server,css,cross-site scripting,specially-crafted value,
CVE-2002-0392,Apache,chunked encoding,negative size,http,httpd,
CVE-2003-0542,Apache,buffer overflow,mod_rewrite,mod_alias,
CVE-2007-3847,Apache,mod_proxy,DoS,denial of service,date headers,
CVE-2004-0488,Apache,mod_ssl,buffer overflow,ssl_util_uuencode_binary,ssl_util.c,
CVE-2002-1394,Apache,Tomcat,JSP,source code disclosure,invoker servlet,
CVE-2001-0590,Apache,Jakarta,Tomcat,unicode,
CVE-2004-0811,Apache,access control bypass,Satisfy,2.0.51,
CVE-2007-5461,Apache,Tomcat,information disclosure,crafted,WebDAV request,
CVE-2007-3386,Apache,Host Manager Servlet,xss,cross-site scripting,
CVE-2005-2970,Apache,DoS,denial of service,memory leak,MPM,
CVE-2007-3383,Apache,Tomcat,xss,cross-site scripting,FROM,
CVE-2004-0041,Apache,mod_auth_shadow,user accounts,passwords,
CVE-2006-0743,Apache,DoS,Log4net,LocalSyslogAppender,
CVE-2001-1385,Apache,PHP,virtual hosts,mod_php,
CVE-2000-0234,Apache,Cobalt,Raq2,Raq3,.htaccess,HTTP,
CVE-1999-0710,Apache,Squid Proxy Server,internal hosts,bypass firewall,cachemgr.cgi,
CVE-2005-3352,Apache,mod_imap,cross-site scripting,css,HTTP_REFERER,
CVE-2007-1858,Apache,Tomcat,default SSL,cipher,insecure,
CVE-2005-0108,Apache,mod_auth_radius,integer overflow,DoS,denial of service,
CVE-2008-2370,Apache,Tomcat,RequestDispatcher,information disclosure,
CVE-2006-0254,Apache,Geronimo,Web-Access-Log viewer,script insertion,
CVE-2002-0839,Apache,shared memory scoreboard,kill arbitrary process,
CVE-2001-1342,Apache,Windows,OS/2,web server,DoS,
CVE-2008-2168,Apache,HTTP Server,Forbidden 403 default page,XSS,cross-site scripting,
CVE-2002-0561,Apache,Oracle,9i,iAS,application server,apache,
CVE-2002-0185,Apache,mod_python,published module,publish handler,
CVE-2002-0240,Apache,Windows,path of webroot,HTTP request,OPTIONS method,
CVE-2006-3747,Apache,httpd,off-by-one,ldap scheme,mod_rewrite,
CVE-2006-6587,Apache,Open For Business Project,OFBIZ,cross-site scripting,xss,
CVE-2006-6589,Apache,opentaps,Open For Business Project,xss,cross-site scripting,
CVE-2003-0189,Apache,configuration scripts,apr_password_validate() function,thread-unsafe,
CVE-2007-5731,Apache,Jakarta Slide,information disclosure,crafted,WebDAV request,
CVE-2002-0661,Apache,sensitive information,
CVE-2003-0020,Apache,terminal escape sequences,error logs,
