CVE-2008-2528,Citrix,Access Gateway,unspecified remote authentication bypass,
CVE-2013-2767,Citrix,citrix,ssl,socks,netscaler,access gateway,
CVE-2002-0503,Citrix,NFuse,directory traversal,../,dot dot slash,
CVE-2006-5821,Citrix,MetaFrame,Presentation Server,Independent Management Architecture,IMA,
CVE-2007-3625,Citrix,Presentation Server,Program Neighborhood Agent,DoS,denial of service,
CVE-2006-6334,Citrix,Citrix client,arbitrary code execution,Active X,wfica.ocx,
CVE-2008-3253,Citrix,XenServer,xss,cross-site scripting,XenAPI,
CVE-2007-6037,Citrix,NetScaler Web Management,cross-site scripting,xss,/ws/generic_api_call.pl,
CVE-2006-6573,Citrix,Access Gateway appliances,Advanced Access Control,information disclosure,
CVE-2000-0244,Citrix,ICA,WinFrame,MetaFrame,XOR,
CVE-2004-1077,Citrix,Program Neighborhood Agent,arbitrary shortcut creation,unspecified error,
CVE-2004-1078,Citrix,Program Neighborhood Agent,buffer overflow,unspecified error,stack-based,
CVE-2005-0821,Citrix,MetaFrame,Conferencing Manager,remote user,keyboard,
CVE-2005-0822,Citrix,MetaFrame,Password Manager,information disclosure,secondary application passwords,
CVE-2006-5861,Citrix,MetaFrame,Presentation Server,Independent Management Architecture,IMA,
CVE-2006-4846,Citrix,Access Gateway,authentication bypass,LDAP authentication,user credentials,
CVE-2007-0444,Citrix,Presentation Server,Print Provider,cpprov.dll,buffer overflow,
CVE-2007-6477,Citrix,Web Interface,cross-site scripting,xss,on-line help,
CVE-2007-3679,Citrix,Access Gateway,authentication bypass,administration console,
