CVE-2007-3348,D-link,D-Link,DPH-540,DPH-541,DoS,denial of service,
CVE-2007-3347,D-link,D-Link,DPH-540,DPH-541,call information spoofing,SIP INVITE,
CVE-2008-1253,D-link,D-Link,DSL-G604T,cross-site scripting,xss,var:category parameter,
CVE-2008-1258,D-link,D-Link,DI-604,cross-site scripting,xss,rf parameter,
CVE-2006-6538,D-link,D-LINK,DWL-2000AP+,DoS,ARP reply flood,denial of service,
CVE-2006-3687,D-link,D-Link,router,buffer overflow,arbitrary code execution,UPnP,
CVE-2001-1221,D-link,D-Link,DWL-1000AP,Wireless Access Point,WAP,SNMP community string,
CVE-2005-4723,D-link,D-Link,Wireless Access Point,DoS,denial of service,fragmented UDP packets,
CVE-2008-1266,D-link,D-Link,DI-524,DoS,denial of service,
CVE-2007-0933,D-link,D-Link,DWL-G650+,buffer overflow,beacon frames,TIM information elements,
CVE-2012-5966,D-link,d-link,DSL2730U,router,telnet,whitelisting,
CVE-2002-1068,D-link,D-Link,Ethernet Print Server,DP-300+,DoS,denial of service,
CVE-2002-1069,D-link,D-Link,DI-804 router,DHCP client,no authentication,release.htm,
