CVE-2007-3713,Debian,denial of service,DoS,centericq,
CVE-2006-1376,Debian,DoS,/var/log,/var/log/debian-installer/cdebconf,
CVE-2008-0166,Debian,OpenSSL,predictable random number generator,INFO#560768,
CVE-2001-1069,Debian,Adobe,Acrobat Reader,AdobeFnt.lst,
CVE-2001-0195,Debian,sash,/etc/shadow,
CVE-2004-1340,Debian,information disclosure,/etc/pam_radius_auth.conf,
CVE-2004-1179,Debian,debmake,debstd,insecure temporary directories,
CVE-2001-0755,Debian,FTPd,SITE,OpenBSD,
CVE-2006-2542,Debian,xmcdconfig,DoS,/var/lib/cddb,/var/lib/xmcd/discog,
CVE-2004-0993,Debian,hpsockd,buffer overflow,DoS,SOCKS,
CVE-2002-0912,Debian,in.uucpd,long string of characters,
CVE-2003-0606,Debian,SUP package,insecure temporary files,tmp,symlink,
CVE-2001-0458,Debian,ePerl,DSA-034-1,Ralf S. Engelschall,
CVE-2007-6418,Debian,GNU,Linux,dspam,information disclosure,
CVE-2001-0559,Debian,cron,Paul Vixie,DSA-054-1,
CVE-2001-0456,Debian,ProFTPD,/var,symlink,symbolic link,
