CVE-2007-5090,IBM,Rational ClearQuest,Microsoft SQL Server,IBM DB2,data corruption,
CVE-2007-1675,IBM,Lotus Domino,IMAP server,buffer overflow,DoS,
CVE-2007-4368,IBM,Rational ClearQuest,SQL injection,username,login,
CVE-2007-1945,IBM,WebSphere,Application Server,Servlet Engine,Web Container,
CVE-2007-4880,IBM,Tivoli Storage Manager,Client Acceptor Daemon,buffer overflow,arbitrary code execution,
CVE-1999-0201,IBM,AIX,full path disclosure,quote cwd command,ftpd server,
CVE-2007-0067,IBM,Lotus Domino,DoS,denial of service,URLs,
CVE-2008-0768,IBM,Informix Storage Manager,DoS,denial of service,XDR Library,
CVE-2007-5652,IBM,DB2,denial of service,DoS,DB2 UDB authentication,
CVE-2008-0495,IBM,Hardware Management Console,DoS,denial of service,Pegasus CIM Server,
CVE-2005-0417,IBM,ibm,db2,universal database,
CVE-2006-3861,IBM,Informix,Dynamic Server,unauthorized access,permission,
CVE-2006-3862,IBM,Informix,Dynamic Server,buffer overflow,SQLIDEBUG,
CVE-2007-5944,IBM,WebSphere Application Server,css,cross site scripting,Expect HTTP header,
CVE-2007-4513,IBM,AIX,buffer overflow,escalated privileges,-p option,
CVE-2007-5483,IBM,WebSphere,Application Server,Administrative Scripting Tools,wsadmin,
CVE-2006-2431,IBM,WebSphere Application Server,xss,cross-site scripting,500 Internal Server Error pages,
CVE-2006-4223,IBM,WebSphere,Application Server,information disclosure,ffdc log,
CVE-2006-4221,IBM,eGatherer,ActiveX,buffer overflow,RunEgatherer,
CVE-2006-4763,IBM,Lotus,Domino Web Access,session highjacking,session token,
CVE-2008-2240,IBM,Lotus Domino Web server,DoS,denial of service,HTTP request,
CVE-2001-0312,IBM,WebSphere,Netscape,Enterprise Server,plugin,
CVE-2001-0319,IBM,NetCommerce,Net.Data,macro,orderdspc.d2w,
CVE-2007-5612,IBM,Director,DoS,denial of service,time-out,
CVE-2006-0717,IBM,Tivoli,Directory Server,DoS,denial of service,
CVE-2006-4522,IBM,AIX,arbitrary code execution,privilege escalation,dtterm,
CVE-2003-0758,IBM,DB2,db2dart,stack overflow,long string of characters,
CVE-2003-0759,IBM,DB2,db2licm,stack overflow,long string of characters,
CVE-2009-0215,IBM,Lenovo,Internet Explorer,IE,ActiveX,
CVE-2000-1121,IBM,AIX,enq,buffer overflow,
CVE-2000-1122,IBM,AT&T,WinVNC,VNC,Log.cpp,rfbConnFailed,
CVE-2004-0828,IBM,AIX,Tivoli System Automation,TSA,Hardware Management Console,
CVE-2006-6135,IBM,WebSphere Application Server,
CVE-2008-0694,IBM,OS/400,cross-site scripting,xss,Expect header,
CVE-2006-0119,IBM,Lotus Domino,DoS,denial of service,meeting request,
CVE-2006-3859,IBM,Informix,Dynamic Server,buffer overflow,create,
CVE-2006-3858,IBM,Informix,Dynamic Server,information disclosure,user passwords,
CVE-2007-3397,IBM,WebSphere Application Server,information disclosure,web container,closed connection errors,
CVE-2007-4621,IBM,AIX,buffer overflow,arbitrary code execution,privilege escalation,
CVE-2002-1153,IBM,Websphere,buffer overflow large HTTP header,
CVE-2006-3853,IBM,Informix,Dynamic Server,buffer overflow,long username,
CVE-2006-3855,IBM,Informix,Dynamic Server,arbitrary code execution,ifix_load_internal,
CVE-2006-3854,IBM,Informix,Dynamic Server,buffer overflow,error message,
CVE-2007-5819,IBM,Tivoli Continuous Data Protection for Files,privilege escalation,default file permissions,global download directory,
CVE-2006-6607,IBM,Tivoli,Identity Manager,information disclosure,JKS password,
CVE-2004-1028,IBM,AIX,chcod,arbitrary program execution,PATH,
CVE-2003-0805,IBM,DB2,Discovery Service,DoS,denial of service large packet,
CVE-2001-0573,IBM,AIX,lsfs,grep,lslv,
CVE-2003-0119,IBM,AIX,secldapclntd daemon,crafted message,LDAP module,
CVE-2006-5664,IBM,Informix,symlink attack,permissions,temporary files,
CVE-2006-4137,IBM,WebSphere,Application Server,information disclosure,trace,
CVE-2006-4136,IBM,WebSphere,Application Server,soap requests,mbean,
CVE-2007-0068,IBM,Lotus,Domino,privilege escalation,agent signature verification,
CVE-2008-2499,IBM,Lotus Sametime,Community Services Multiplexer,stack buffer overflow,StMux.exe,
CVE-2008-4111,IBM,WebSphere,Application Server,DoS,denial of service,
CVE-2008-0389,IBM,WebSphere,Application Server,serveServletsByClassnameEnabled feature,
CVE-2005-0250,IBM,AIX,auditselect,format string,setuid,
CVE-2000-1120,IBM,AIX,digest,buffer overflow,
CVE-2003-0285,IBM,AIX,sendmail,sendmail.cf,mail relay,
CVE-2007-5805,IBM,AIX,input validation error,cfgcon,-p option,
CVE-2007-5804,IBM,AIX,input validation error,-p option,swcons,
CVE-2005-2619,IBM,Lotus Notes,directory traversal,security bypass,delete arbitrary files,
CVE-2005-2618,IBM,Lotus Notes,kvarcve.dll,stack-based,buffer overflow,
CVE-2007-5324,IBM,DB2,Universal Database,arbitrary code execution,DB2JDS service,
CVE-2006-3857,IBM,Informix,Dynamic Server,buffer overflow,SQL statements,
CVE-2007-5764,IBM,AIX,buffer overflow,pioout command,AIX1_23_08,
CVE-2005-1872,IBM,Websphere Application Server,Administrative Console,buffer overflow,authentication mechanism,
CVE-2006-0456,IBM,Linuix,kernel,S/390,zSeries,
CVE-2002-0087,IBM,Lotus Domino,Solaris,symlink redirection,temporary file,/tmp,
CVE-2005-2454,IBM,Lotus,Notes,insecure default permissions,notes directory,
CVE-2007-4228,IBM,AIX,DoS,denial of service,rmpvc,
CVE-2006-5163,IBM,Informix Dynamic Server,arbitrary file access,/tmp/installserver.txt,symlink,
CVE-2008-1130,IBM,WebSphere,MQ client,authentication bypass,queue manager,
CVE-2008-0401,IBM,Tivoli,TPMfOSD,buffer overflow,denial of service,
CVE-2007-5670,IBM,Informix Dynamic Server,directory traversal,DBLANG environment variable,
CVE-2008-0247,IBM,Tivoli Storage Manager Express,heap-based buffer overflow,arbitrary code execution,boundary error,
CVE-2007-4348,IBM,Tivoli,Storage Manager Client,cross-site scripting,xss,
CVE-2001-0122,IBM,AfpaCache,WebSphere,Apache,Afpa,
CVE-2006-6537,IBM,WebSphere Host On-Demand,authentication bypass,pnl,
CVE-2006-1384,IBM,Tivoli,Business Systems Manager,cross-site scripting,CSS,
CVE-2007-5664,IBM,DB2,Universal Database,Administration Server,file creation vulnerability,
CVE-2002-1203,IBM,SecureWay Firewall,DoS,denial of service,TCP packets,
CVE-2002-1201,IBM,AIX,DoS,denial of service,TCP packets,
CVE-2000-0505,IBM,HTTP Server,root directory,
CVE-2007-4142,IBM,Lotus,Sametime Meeting,cross-site scripting,xss,
CVE-2003-0836,IBM,DB2,LOAD command,stack overflow,
CVE-2002-1012,IBM,Tivoli Management Framework TMR,ManageNode,HTTPD,buffer overflow,
CVE-2002-1011,IBM,Tivoli Management Framework,TRM Endpoints,LCFD process,buffer overflow,
CVE-2008-2880,IBM,AFP,Viewer Plug-In,heap-based buffer overflow,SRC Property,
CVE-1999-0092,IBM,AIX,portmir,buffer overflow,
CVE-1999-0093,IBM,AIX,nslookup,setuid,root,
CVE-2007-2929,IBM,Lenovo,Access Support,Access IBM,AcpController,
CVE-2007-2928,IBM,Lenovo,Access Support,Access IBM,AcpController,
CVE-2007-2240,IBM,Lenovo,Access Support,Access IBM,AcpController,
CVE-2013-2970,IBM,ibm,qradar,siem,command injection,
CVE-2007-4355,IBM,AIX,at,buffer overflow,arbitrary code execution,
CVE-2007-5758,IBM,DB2,Universal Database,buffer overflow,db2dasStartStopFMDaemon,
CVE-2006-1246,IBM,AIX,bos.rte.lvm,
CVE-2006-1247,IBM,AIX,unauthorized data modification,rm_mlcache_file,
CVE-2007-3537,IBM,OS/400,security bypass,TCP SYN packets,
CVE-2002-1450,IBM,U2,UniVerse,ODBC,DoS,
CVE-2006-0674,IBM,AIX,buffer overflow,overly long,iftype command,
CVE-2006-0513,IBM,Tivoli Access Manager,e-business,directory traversal,../,
CVE-2007-3333,IBM,AIX,stack-based buffer overflow,arbitrary code execution,parse terminal control sequences,
CVE-2000-1119,IBM,AIX,setsenv,buffer overflow,digest,
CVE-2008-1592,IBM,WebSphere,MQ,HP NonStop,security bypass,
CVE-2007-1944,IBM,WebSphere,Application Server,Java Message Service,JMS,
CVE-2004-1054,IBM,AIX,lsvpd,arbitrary program execution,PATH,
CVE-2007-3680,IBM,AIX,stack overflow,libodm,ODMPATH,
CVE-2007-3263,IBM,WebSphere Application Server,unknown error,
CVE-2007-3262,IBM,WebSphere Application Server,DoS,denial of service,Default Messaging Component,
CVE-2007-3265,IBM,WebSphere Application Server,cross-site scripting,xss,Samples component,
CVE-2008-3854,IBM,DB2,buffer overflow,XQUERY,XMLQUERY,
CVE-2006-4254,IBM,AIX,privilege escalation,setlocale() function,libc.a,
CVE-2014-6130,IBM,Notes,Lotus,Traveler,HTTP,
CVE-2008-0354,IBM,Lotus,Sametime,arbitrary code execution,hyperlink,
CVE-2006-3231,IBM,WebSphere Application Server,information disclosure,source code,JSP files,
CVE-2006-3232,IBM,WebSphere Application Server,UserNameToken cache,
CVE-2001-0052,IBM,ibm,db2,varchar,date,time,
CVE-2005-2175,IBM,Lotus Domino,cross-site scripting,css,prompt users,
CVE-2003-0837,IBM,DB2,INVOKE command,stack overflow,
CVE-2007-4622,IBM,AIX,integer underflow,privilege escalation,dns_name_fromtext function,
CVE-2007-4623,IBM,AIX,buffer overflow,arbitrary code execution,m command,
CVE-2000-0249,IBM,FRCA,frcactrl,AIX,setuid,
CVE-2001-0671,IBM,ibm,aix,lpd,line printer daemon,kill_print(),
CVE-2006-6636,IBM,WebSphere Application Server,WebSphere Utility Classes,
CVE-2006-6637,IBM,WebSphere Application Server,source code information disclosure,Servlet Engine,Web Container,
CVE-2006-4843,IBM,Lotus Domino,Web Access,cross-site scripting,xss,
CVE-2001-0389,IBM,WebSphere,NetCommerce,macrow.d2w,
CVE-2007-4273,IBM,DB2,arbitrary directory creation,setuid binaries,symbolic links,
CVE-2007-2137,IBM,Tivoli Monitoring,heap overflow,Universal Agent Primary Service,Monitoring Agent for Windows OS,
CVE-2002-1169,IBM,WebSphere Edge Server,caching proxy,DoS,denial of service,
CVE-2002-1167,IBM,WebSphere Edge Server,caching proxy,malicious characters,IMG tags,
CVE-2006-2647,IBM,AIX,lsmcode program,privilege escalation,
CVE-2010-4180,IBM,OpenSSL,
CVE-2005-0263,IBM,AIX,netpmon,buffer overflow,-O,
CVE-2005-0261,IBM,AIX,lspath,file access,-f,
CVE-2006-3860,IBM,Informix,Dynamic Server,arbitrary command injection,SET DEBUG FILE,
CVE-2005-0240,IBM,AIX,chdev,mkdev,rmdev,
CVE-2006-2433,IBM,WebSphere,Application Server,administrative console,core console plugin module,
CVE-2005-1112,IBM,WebSphere Application Server,information disclosure,JSP,Host,
CVE-2007-4217,IBM,AIX,boundary error,buffer overflow,arbitrary code execution,
CVE-2002-1168,IBM,WebSphere Edge Server,caching proxy,malicious characters,IMG tags,
CVE-2001-0390,IBM,WebSphere,NetCommerce,macrow.d2w,
CVE-2006-6136,IBM,WebSphere Application Server,EAL4,
CVE-2006-5818,IBM,Lotus Domino,tunekrnl,buffer overflow,arbitrary code execution,
CVE-2007-4270,IBM,DB2,race conditions,arbitrary file modification,symbolic links,
CVE-2008-0862,IBM,Lotus Notes,security bypass,Java Applet,Signature Execution Control List,
CVE-2008-0861,IBM,Lotus QuickPlace,xss,cross-site scripting,EditDocument,
CVE-2007-4237,IBM,AIX,arbitrary code execution,arp command,
CVE-2007-4236,IBM,AIX,arbitrary code execution,lpd command,
CVE-2007-4238,IBM,AIX,arbitrary code execution,pioinit file,
CVE-2004-0586,IBM,acpRunner,ActiveX,DownLoadURL,SaveFilePath,
CVE-2006-4681,IBM,Director,information disclosure,Redirect.bat,..,
CVE-2006-4683,IBM,Director,information disclosure,HTTP TRACE,
CVE-2006-4682,IBM,Director,DoS,denial of service,malformed WMI CIM server requests,
CVE-2007-3960,IBM,WebSphere Application Server,unspecified vulnerabilities,
CVE-2007-4004,IBM,AIX,buffer overflow,ftp gets() function,
CVE-2007-4003,IBM,AIX,arbitrary code execution,pioout application,
CVE-2005-0262,IBM,AIX,ipl_varyon,buffer overflow,long argument,
CVE-2001-1309,IBM,OUSPG,PROTOS,SecureWay,LDAP,
CVE-2012-4856,IBM,ibm,power5,service,processor,
CVE-2007-3264,IBM,WebSphere Application Server,PD tools component,
CVE-2007-3268,IBM,Tivoli Provisioning Manager,for OS Deployment,DoS,denial of service,
CVE-2008-3161,IBM,MRO,Maximo,xss,cross-site scripting,
CVE-2013-5431,IBM,tivoli,TFIM,TFIMBG,identity manager,
CVE-2007-4276,IBM,DB2,buffer overflow,arbitrary code execution,environment variables,
CVE-2007-4275,IBM,DB2,arbitrary code execution,untrusted paths,environment variables,
CVE-2007-4272,IBM,DB2,arbitrary file modification,environment variables,
CVE-2007-4271,IBM,DB2,arbitrary file creation,../,directory traversal,
CVE-2003-0257,IBM,AIX,format string,command line utilities,print queue,
CVE-2008-2122,IBM,Rational Build Forge,DoS,denial of service,Build Forge Agent,
CVE-2007-6525,IBM,DB2 Content Manager,scripting,eClient,
