CVE-2005-3623,Linux,Kernel,/fs/nfsd/nfs2acl.c,validation error,set ACLs,
CVE-2005-3107,Linux,traced processes,race condition,DoS,TASK_TRACED,
CVE-2006-2451,Linux,kernel,authentication bypass,privilege escalation,prctl,
CVE-2006-0039,Linux,kernel,information disclosure,do_add_counters,netfilter,
CVE-2008-1293,Linux,Terminal Server Project,ldm,information disclosure,
CVE-2008-1294,Linux,kernel,administrator imposed cpu time limitations,RLIMIT_CPU,limit of 0,
CVE-2005-3783,Linux,kernel,ptrace,DoS,CLONE_THREAD,
CVE-2008-3247,Linux,Kernel,DoS,denial of service,LDT buffer size handling,
CVE-2004-2607,Linux,kernel,memory disclosure,WAN SDLA driver,CAP_NET_ADMIN,
CVE-2006-1858,Linux,kernel,DoS,SCTP chunk,
CVE-2008-0007,Linux,kernel,kernel memory access,fault handler,range checks,
CVE-2005-3660,Linux,kernel,memory exhaustion,DoS,socket buffer,
CVE-2006-4623,Linux,kernel,ULE,Unidirectional Lightweight Encapsulation,decapsulation,
CVE-2006-0482,Linux,Kernel,DoS,denial of service,date -s command,
CVE-2007-4571,Linux,Kernel,ALSA driver,arbitrary memory access,snd_mem_proc_read,
CVE-2005-3858,Linux,ip6_input_finish,memory leak,DoS,
CVE-2000-0718,Linux,linux,tmp,
CVE-2003-0464,Linux,SuSE,kernel panic,pptpd,MSS,
CVE-2007-5938,Linux,kernel,buffer overflow,ISDN subsystem,DoS,
CVE-2003-0252,Linux,NFS,nfs-utils,rpc.mountd,off-by-one,
CVE-2002-1574,Linux,ixj telephony card driver,local user,elevated privileges,
CVE-2006-3468,Linux,Kernel,ext3,DoS,denial of service,
CVE-2005-3527,Linux,do_coredump,signal.c,DoS,SIGSTOP,
CVE-2005-2099,Linux,Kernel,DoS,denial of service,KEYCTL_JOIN_SESSION_KEYRING,
CVE-2005-0532,Linux,Kernel,buffer overflow,reiserfs_copy_from_user_to_file_region,reiserfs/file.c,
CVE-2005-0530,Linux,linux,"drivers/char/n_tty.c",signedness error,kernel,memory,
CVE-2007-0005,Linux,Kernel,buffer overflow,DoS,denial of service,
CVE-2007-4308,Linux,Kernel,AACRAID Driver,IOCTL,
CVE-2000-0633,Linux,usermode,
CVE-2006-4997,Linux,Kernel,DoS,denial of service,clip_mkip() function,
CVE-2002-0247,Linux,wmtv,buffer overflow,kernel,tty layer,
CVE-2003-0364,Linux,kernel,DoS,denial of service,large number of hash table collisions,
CVE-2006-1862,Linux,Kernel,DoS,denial of service,lsof command,
CVE-2006-1863,Linux,kernel,CIFS,directory traversal,restrictions bypass,
CVE-2006-1860,Linux,kernel,memory allocation,Denial of Service,DoS,
CVE-2006-1864,Linux,kernel,directory traversal,SMBFS,restrictions bypass,
CVE-2006-6060,Linux,2.6,Kernel,DoS,denial of service,
CVE-2005-1767,Linux,kernel,DoS,stack fault exception,
CVE-2004-0001,Linux,Red Hat Enterprise,kernel,AMD64,eflags,
CVE-2004-0003,Linux,R128 DRI limits checking,privilege escalation,
CVE-2005-2098,Linux,Kernel,DoS,denial of service,destroying a keyring,
CVE-1999-0340,Linux,Slackware,dcron,buffer overflow,dillon cron,
CVE-2012-0056,Linux,linux,kernel,local,root,privilege,
CVE-2001-0316,Linux,kernel,sysctl,signed,
CVE-2001-0317,Linux,linux,kernel,ptrace,execve,procfs,
CVE-2007-3851,Linux,Kernel,i965G chipset driver,privilege escalation,arbitrary memory modification,
CVE-2007-0001,Linux,kernel,DoS,denial of service,file watch implementation,
CVE-2006-3626,Linux,kernel,DoS,race condition,/proc file system,
CVE-2006-3625,Linux,kernel,
CVE-2008-1078,Linux,rPath,am-utils,Berkeley Automounter Suite of Utilities,local user,
CVE-2007-0771,Linux,Kernel,DoS,denial of service,utrace support,
CVE-2005-2553,Linux,Kernel,ptrace,DoS,denial of service,
CVE-2006-1055,Linux,kernel,sysfs,out-of-bounds read,DoS,
CVE-2005-1041,Linux,DoS,denial of service,fib_seq_start,/proc/net/route,
CVE-2006-0095,Linux,Kernel,dm-crypt,information disclosure,strut,
CVE-2007-1730,Linux,Kernel,DCCP,information disclosure,do_dccp_getsockopt() function,
CVE-2000-0566,Linux,linux,makewhatis,tmp,man,
CVE-2004-0626,Linux,kernel,2.6.x,DoS,denial of service,
CVE-2006-4093,Linux,Kernel,DoS,denial of service,PPC970,
CVE-2000-0667,Linux,gpm,
CVE-2007-3104,Linux,Kernel,DoS,denial of service,null pointer dereference,
CVE-2007-3105,Linux,Kernel,random number generator,stack overflow,arbitrary code execution,
CVE-2007-3107,Linux,Kernel,DoS,denial of service,floating point state,
CVE-2010-3847,Linux,GNU C,Library Loader,privilege escalation,
CVE-2004-1235,Linux,Kernel,binary format loader,uselib,local privilege escalation,
CVE-2001-0873,Linux,uucp,uux,uuxqt,unix to unix copy,linux,
CVE-2000-1107,Linux,SuSe,ident,identd,buffer overflow,
CVE-2005-2709,Linux,Kernel,sysctl.c,DoS,denial of service,
CVE-2007-1388,Linux,Kernel,DoS,denial of service,do_ipv6_setsockopt,
CVE-2001-1022,Linux,pic,format string,remote access,groff,
CVE-2007-3380,Linux,Kernel,DoS,denial of service,tcp_accept_from_sock() function,
CVE-2013-2094,Linux,linux,kernel,perf_swevent_enabled,privilege escalation,
CVE-2006-5648,Linux,kernel,DoS,denial of service,resource consumption,
CVE-2006-5649,Linux,Kernel,DoS,denial of service,kernel panic,
CVE-2006-2071,Linux,kernel,mprotect,unauthorized data modification,restrictions bypass,
CVE-2005-1762,Linux,Kernel,DoS,ptrace(),AMD64 platform,
CVE-2004-0883,Linux,Linux kernel,smb file system,buffer overflow,smb_proc_read(),read,
CVE-2007-3731,Linux,kernel,DoS,denial of service,LDT segment selectors,
CVE-2007-3739,Linux,hugetlb kernel,PowerPC,DoS,denial of service,
CVE-2008-4412,Linux,HP,Systems Insight Manager,SIM,HP-UX,
CVE-2005-4798,Linux,Kernel,NFS,readlink handling,DoS,
CVE-2007-6151,Linux,Kernel,buffer overflow,ISDN subsystem,
CVE-2000-0227,Linux,DOS,unix domain sockets,wmem_max,
CVE-2005-1912,Linux,Adobe,Acrobat Reader,permissions,temporary files,
CVE-2005-4639,Linux,dst_ca,buffer overflow,
CVE-2005-4635,Linux,fib_frontend,fib_lookup,netlink message,
CVE-2003-0476,Linux,execve() system call,race condition,reading file,binfmt_elf.c,
CVE-2006-2654,Linux,smbfs,linux,kernel,directory traversal,
CVE-2005-0529,Linux,Kernel,signedness error,"/proc","locks_read_proc()",
CVE-2007-4997,Linux,Kernel,DoS,denial of service,ieee80211_rx function,
CVE-2015-2877 ,Linux,VirtualBox,VMWare,KVM,Xen,
CVE-2006-5823,Linux,2.6,Kernel,memory corruption,zlib_inflate,
CVE-2005-4618,Linux,sysctl,buffer overflow,
CVE-2006-2629,Linux,kernel,SMP,race condition,DoS,
CVE-2005-1368,Linux,Keyring Kernel module,DoS,denial of service,key_user_lookup(),
CVE-2006-4813,Linux,2.6 Kernel,information disclosure,__block_prepare_write,fs/buffer.c,
CVE-2006-4814,Linux,Kernel,DoS,denial of service,semaphores,
CVE-2007-1496,Linux,Kernel,DoS,denial of service,Netfilter,
CVE-2003-0248,Linux,kernel,cpu state registers,malformed address,low-level mxcsr code,
CVE-2003-0246,Linux,kernel,ioperm system call,restrict privileges,
CVE-2006-0457,Linux,Kernel,race condition,DoS,denial of service,
CVE-2006-6128,Linux,2.6 kernel,ReiserFS,DoS,denial of service,
CVE-2010-3904,Linux,kernel,rds protocol,privilege escalation,
CVE-2006-6333,Linux,Kernel,tr_rx function,ibmtr.c,wrong flag,
CVE-2004-1190,Linux,SUSE,Read only,firmware,SCSI CD Devices,
CVE-2005-0384,Linux,Kernel,PPP driver,remote,DoS,
CVE-2001-0405,Linux,IPTables,2.4,kernel,FTP,
CVE-2006-6106,Linux,Kernel,Bluetooth,CAPI Messages,DoS,
CVE-2006-5754,Linux,Kernel,aio_setup_ring(),crash,initialize variable,
CVE-2006-5755,Linux,Kernel,x86_64 systems,DoS,denial of service,
CVE-2006-5757,Linux,Kernel,2.6,ISO9660,DoS,
CVE-2006-5751,Linux,2.6.7-18.3,Kernel,arbitrary code execution,get_fdb_entries,
CVE-2006-5753,Linux,Kernel,memory corruption,listxattr syscall,
CVE-2007-4567,Linux,Ubuntu,kernel,system panic,denial of service,
CVE-2000-0959,Linux,linux,glibc,ld.so,LD_DEBUG_OUTPUT,
CVE-2005-3179,Linux,direct rendering manager,DRM,information disclosure,insecure file,
CVE-2007-0772,Linux,Kernel,DoS,denial of service,pointer,
CVE-2008-4554,Linux,kernel,arbitrary code execution,do_splice_from function,fs/splice.c,
CVE-2008-3686,Linux,Kernel,DoS,denial of service,NULL-pointer dereference error,
CVE-2007-3642,Linux,Kernel,DoS,denial of service,fixed-size bitfield,
CVE-2007-6282,Linux,Kernel,IPsec implementation,DoS,denial of service,
CVE-2005-0136,Linux,kernel,DoS,denial of service,flaw in auditing code,
CVE-2005-0135,Linux,Itanium,DoS,denial of service,unw_unwind_to_user function,
CVE-2005-1265,Linux,Kernel,DoS,denial of service,privilege escalation,
CVE-2005-1264,Linux,kernel,privilege escalation,rawdevice,block device ioctl handler,
CVE-2005-3808,Linux,invalidate_inode_pages2_range,integer overflow,DoS,mmap,
CVE-2005-3807,Linux,VFS,DoS,Samba,fasync,
CVE-2005-3806,Linux,ip6_flowlabel,DoS,memory corruption,
CVE-2005-3805,Linux,DoS,POSIX,timers,SMP,
CVE-2006-6921,Linux,kernel,DoS,denial of service,init,
CVE-2000-0295,Linux,LCDProc,buffer overflow,
CVE-2004-1237,Linux,DoS,denial of service,
CVE-2003-0018,Linux,kernel,O_DIRECT handling,sensitive information,information disclosure,
CVE-2006-6057,Linux,2.6,Kernel,DoS,denial of service,
CVE-2004-1137,Linux,kernel,IGMP,internet group management protocol,DoS,
CVE-2006-6535,Linux,Kernel,DoS,dev_queue_xmit,
CVE-2006-2445,Linux,Kernel,run_posix_cpu_timers,race condition,DoS,
CVE-2006-2444,Linux,Kernel,DoS,SNMP,snmp_trap_decode,
CVE-2006-2446,Linux,kernel,race condition,kfree_skb,__skb_unlink,
CVE-2006-2448,Linux,Kernel,DoS,denial of service,access_ok checks,
CVE-2006-2274,Linux,SCTP,DoS,infinite loop,DATA fragment,
CVE-2006-2275,Linux,SCTP,DoS,buffer overflow,
CVE-2006-2272,Linux,SCTP,DoS,kernel panic,COOKIE_ECHO,
CVE-2006-2271,Linux,SCTP,DoS,kernel panic,ECNE chunk,
CVE-2000-0506,Linux,linux,red hat,sendmail,capability,setuid,
CVE-2007-5963,Linux,rPath,KDM logins,denial of service,DoS,
CVE-2005-2801,Linux,information disclosure,arbitrary code execution,unauthorized data modification,
CVE-2003-0244,Linux,kernel,DoS,denial of service,hash table,
CVE-2001-0481,Linux,Mandrake,rpmdrake,temp file,temporary file vulnerability,
CVE-2005-0767,Linux,radeon,linux,kernel,driver,race condition,
CVE-2005-3848,Linux,icmp_push_reply,memory leak,DoS,
CVE-2005-2617,Linux,Kernel,syscall32_setup_pages(),syscall32.c,memory leak,
CVE-2002-0570,Linux,encrypted loop device,poor authentication,ciphertext modification,
CVE-2007-1592,Linux,Kernel,DoS,denial of service,IPv6 TCP sockets,
CVE-2007-2875,Linux,Kernel,cpuset,information disclosure,taskscpuset_tasks_read function,
CVE-2005-0400,Linux,Kernel,ext2,filesystem,information disclosure,
CVE-2003-0501,Linux,/proc filesytem,information disclosure,change ownership,setuid binary,
CVE-2007-1861,Linux,Kernel,DoS,denial of service,NETLINK_FIB_LOOKUP,
CVE-2007-1497,Linux,kernel,netfilter,nf_conntrack,nfctinfo,
CVE-2006-4572,Linux,Kernel,filtering bypass,fragmented IPv6 packets,
CVE-2005-0210,Linux,Kernel,Netfilter,DoS,denial of service,
CVE-2006-3085,Linux,Kernel,infinite loop,SCTP chunk length,xt_sctp code,
CVE-2007-6206,Linux,Kernel,information disclosure,user ID,core dump,
CVE-2006-6058,Linux,2.6,Kernel,DoS,denial of service,
CVE-2006-6054,Linux,2.6,Kernel,DoS,denial of service,
CVE-2006-6053,Linux,2.6,kernel,DoS,denial of service,
CVE-2004-0075,Linux,Vicam USB,copy_from_user,DoS,denial of service,
CVE-2004-0077,Linux,kernel,do_mremap(),do_munmap,VMA descriptors,
CVE-2005-2708,Linux,Kernel,DoS,denial of service,return code,
CVE-2007-1716,Linux,kernel,pam_console,authentication bypass,
CVE-2007-6417,Linux,Kernel,DoS,denial of service,shmem_getpage function,
CVE-2007-3848,Linux,Kernel,unprivileged,kill arbitrary processes,
CVE-2007-3843,Linux,Kernel,CIFS,
CVE-2007-5500,Linux,Kernel,denial of service,DoS,wait_task_stopped() function,
CVE-2006-1859,Linux,kernel,memory allocation,Denial of Service,DoS,
CVE-2006-1857,Linux,kernel,DoS,HB-ACK chunk,SCTP,
CVE-2006-1856,Linux,Kernel,writev(2) syscall,security bypass,file_permission callback,
CVE-1999-0182,Linux,samba,buffer overflow,
CVE-1999-0097,Linux,FTP client,pipe character,system() call,
CVE-2007-2878,Linux,Kernel,DoS,denial of service,crafted VFAT IOCTLs,
CVE-2006-1066,Linux,Kernel,DoS,denial of service,IA64,
CVE-2006-5619,Linux,Kernel,DoS,denial of service,seqfiles,
CVE-2007-1217,Linux,kernel,DoS,denial of service,bufprint,
CVE-2006-0744,Linux,SYSRET,DoS,uncanonical return address,Intel EM64T CPU,
CVE-2005-2710,Linux,Helix Player,format string error,realpix files,.rp,linux,
CVE-2006-0558,Linux,Kernel,DoS,denial of service,perfmon.c,
CVE-2006-0557,Linux,Kernel,sys_mbind,mempolicy.c,maxnod variable,
CVE-2003-0700,Linux,C-Media,PCI sound driver,get_user,
CVE-2008-4302,Linux,kernel,s/splice.c,splice subsystem,add_to_page_cache_lru function,
CVE-2007-2451,Linux,Kernel,AMD,GEODE-AES,cryptographic routines,
CVE-2004-1016,Linux,kernel,sendmsg(),scm_send(),DoS,
CVE-2005-3257,Linux,Kernel,privilege escalation,console keyboard mapping,loadkeys,
CVE-2006-5871,Linux,kernel,smbfs,mount options,UNIX extensions,
CVE-2007-3532,Linux,NVIDIA,graphic drivers,DoS,denial of service,
CVE-2001-1244,Linux,TCP stack,DoS,denial of service,maximum segment size,MSS,
CVE-2005-3272,Linux,Kernel,spoofing,bridge forwarding table,poison,
CVE-2006-0742,Linux,kernel,die_if_kernel() function,DoS,noreturn attribute,
CVE-2005-0209,Linux,Kernel,Netfilter,IP packet handler,DoS,
CVE-2006-1242,Linux,Kernel,ip_push_pending_frames(),security bypass,Idle Scan,
CVE-2006-1368,Linux,Kernel,insufficient memory allocation,memory corruption,drivers/usb/gadget/rndis.c,
CVE-2005-3274,Linux,ip_vs_conn_flush,DoS,denial of service,race condition,
CVE-2005-3275,Linux,Kernel,DoS,denial of service,network address translation,
CVE-2005-3276,Linux,sys_get_thread_area function,process.c,information disclosure,
CVE-2005-3271,Linux,Kernel,DoS,denial of service,posix,
CVE-2005-3273,Linux,Kernel,rose_rt_ioctl(),DoS,denial of service,
CVE-2007-5001,Linux,kernel,DoS,denial of service,asynchronous input,
CVE-2007-3513,Linux,Kernel,USBLCD Driver,memory consumption,DoS,
CVE-2008-1514,Linux,Kernel,s390 ptrace,local DoS,denial of service,
CVE-2006-1528,Linux,Kernel,DoS,denial of service,dio transfer,
CVE-2006-1527,Linux,kernel,DoS,SCTP chunk size,SCTP-netfilter,
CVE-2006-1525,Linux,kernel,ip_route_input,DoS,NULL pointer dereference,
CVE-2006-1524,Linux,kernel,madvise_remove,restriction bypass,unauthorized data modification,
CVE-2006-1523,Linux,kernel,group_complete_signal,BUG_ON,RCU signal handling,
CVE-2006-1522,Linux,kernel,DoS,keyring_search_one,keyring,
CVE-2005-2100,Linux,Kernel,DoS,denial of service,rw_vm function,
CVE-2006-7203,Linux,kernel,DoS,denial of service,smbfs file system,
CVE-2005-0756,Linux,Kernel,DoS,denial of service,ptrace(),
CVE-2005-0749,Linux,Kernel,DoS,denial of service,load_elf_library,
CVE-2003-0467,Linux,kernel,netfilter,SACK mangle,DoS,
CVE-2004-2660,Linux,Kernel,DoS,denial of service,memory consumption,
CVE-2007-5337,Linux,Mozilla,Firefox,information disclosure,URI schemes,
CVE-2005-0531,Linux,linux,kernel,atm_get_addr(),net/atm/addr.c,reiserfs_copy_from_user_to_file_region(),
CVE-2004-0447,Linux,DoS,denial of service,IA64,
CVE-2005-1589,Linux,kernel,privilege escalation,pktcdvd,block device ioctl handler,
CVE-2006-4145,Linux,Kernel,DoS,denial of service,UDF,
CVE-2006-6056,Linux,Kernel,2.6,SELinux,DoS,
CVE-2005-4605,Linux,procfs,information disclosure,
CVE-2006-2936,Linux,kernel,DoS,USB,ftdi_sio,
CVE-2006-2932,Linux,kernel,DoS,denial of service,kernel panic,
CVE-2006-6304,Linux,Kernel,arbitrary file overwrite,do_coredump() function,fs/exec.c,
CVE-2005-4459,Linux,VMware,arbitrary code execution,virtual host,NAT,vmnat.exe,
CVE-2013-7445,Linux,linux,kernel,http,dos,
CVE-2006-5158,Linux,2.6 kernel,DoS,denial of service,NFS lockd,
CVE-2006-5379,Linux,NVIDIA,Binary Graphics Driver,buffer overflow,short sequence,
CVE-2004-2302,Linux,kernel,DoS,sysfs,large offset,
CVE-2006-5749,Linux,Kernel,isdn_ppp_ccp_reset_alloc_state(),event timer,init_timer(),
CVE-2008-0883,Linux,Adobe Reader,privilege escalation,temporary files,acroread script,
CVE-2007-2525,Linux,Kernel,DoS,denial of service,memory exhaustion,
CVE-2006-5173,Linux,kernel,DoS,denial of service,EFLAGS,
CVE-2000-0344,Linux,knfsd,DoS,
CVE-2003-0985,Linux,kernel,mremap,do_mremap(),virtual memory,
CVE-2003-0984,Linux,kernel,real time clock,RTC,initialize memory structures,
CVE-2007-6418,Linux,Debian,GNU,dspam,information disclosure,
CVE-2003-0187,Linux,kernel,netfilter,connection tracking,ip_conntrack module,
CVE-2007-5501,Linux,Kernel,denial of service,DoS,ACK packets,
CVE-2006-2934,Linux,kernel,DoS,denial of service,SCTP packets,
CVE-2008-1669,Linux,rpath,linux,privilege escalation,race condition,kernel,
CVE-2005-3359,Linux,Kernel,DoS,denial of service,socket calls,
CVE-2005-3358,Linux,set_mempolicy,DoS,kernel panic,undefined node,
CVE-2005-3356,Linux,kernel,DoS,denial of service,system call,
CVE-1999-0048,Linux,UNIX,linux,BSD,buffer overflow,root compromise,
CVE-2007-1357,Linux,Kernel,DoS,denial of service,checksum,
CVE-2002-0704,Linux,Netfilter,Network Address Translation,NAT,port,
CVE-2007-4045,Linux,SUSE,CUPS service,DoS,denial of service,
CVE-2006-5701,Linux,Kernel,DoS,denial of service,data corruption,
CVE-2005-1768,Linux,Kernel,IA32 Compatibility,execve() systemcall,DoS,
CVE-2005-0916,Linux,Kernel,DoS,denial of service,AIO,
CVE-2000-0289,Linux,linux,masquerading,IP masquerading,masq,CONFIG_IP_MASQ_LOOSE_UDP,
