CVE-2006-4938,Moodle,information disclosure,help.php,
CVE-2006-4936,Moodle,unknown impact,module instance id,course module object,
CVE-2006-4784,Moodle,xss,cross-site scripting,files/index.php,doc/index.php,
CVE-2006-4786,Moodle,information disclosure,help.php,scheduled backups,
CVE-2007-3555,Moodle,cross-site scripting,xss,search parameter,user/index.php,
CVE-2008-0123,Moodle,cross site scripting,xss,dbname parameter,install.php,
CVE-2006-4939,Moodle,information disclosure,backup/backup_scheduled.php,trace data,backup pathname,
CVE-2006-4935,Moodle,Database module,unspecified impact,uploaded files,
CVE-2006-4937,Moodle,information disclosure,lib/setup.php,reporting level,7,
CVE-2006-4940,Moodle,information disclosure,login/forgot_password.php,find action,
CVE-2006-4942,Moodle,arbitrary file access,filter/algebra/pix.php,filter/tex/pix.php,algebra,
CVE-2006-4941,Moodle,xss,cross-site scripting,choose,files/index.php,
CVE-2006-4943,Moodle,information disclosure,course/jumpto.php,session key,sesskey,
CVE-2007-1429,Moodle,moodle,remote file inclusion,cmd parameter,filter.php,utfdbmigrate.php,
