CVE-2007-3656,Mozilla,Firefox,information disclosure,wyciwyg://,MFSA 2007-24,
CVE-2004-0191,Mozilla,cross-site scripting,css,
CVE-2007-1095,Mozilla,Firefox,information disclosure,onUnload events,mozilla_101907,
CVE-2004-0760,Mozilla,MIME,NULL byte,code execution,
CVE-2004-0763,Mozilla,lock icon,certificate spoofing,document.write,onunload,
CVE-2004-0764,Mozilla,Firefox,Thunderbird,chrome flag,XUL,
CVE-2004-0765,Mozilla,cert_TestHostName,
CVE-2007-1282,Mozilla,Thunderbird,integer overflow,buffer overflow,text/enhanced,
CVE-2007-3285,Mozilla,Firefox,filename URLs,%00,null,
CVE-2006-3113,Mozilla,Firefox,DoS,denial of service,XPCOM,
CVE-2006-2779,Mozilla,Firefox,memory corruption,firefox_1504,
CVE-2006-6504,Mozilla,remote code execution,SVG comment,DOM node,memory corruption,
CVE-2006-6505,Mozilla,heap overflow,Content-Type headers,message bodies,mozilla_20061219,
CVE-2006-6506,Mozilla,Firefox,RSS,Feed Preview,information disclosure,
CVE-2006-6507,Mozilla,Firefox,cross-site scripting,xss,Function prototype,
CVE-2006-6500,Mozilla,heap overflow,miscalculated size,conversion,image,
CVE-2006-6501,Mozilla,privilege escalation,JavaScript,watch(),shutdown,
CVE-2006-6502,Mozilla,LiveConnect,DoS,denial of service,crash,
CVE-2006-6503,Mozilla,cross-site scripting,xss,src attribute,img element,
CVE-2007-5340,Mozilla,Firefox,DoS,denial of service,arbitrary code execution,
CVE-2007-6589,Mozilla,Firefox,jar protocol handler,css,cross-site scripting,
CVE-2004-1316,Mozilla,mozilla,nntp,heap overflow,MFSA2005-06,
CVE-2009-0652,Mozilla,Firefox,IDN Spoofing,
CVE-2007-0008,Mozilla,Network Security Services,NSS,integer underflow,arbitrary code execution,
CVE-2005-2706,Mozilla,bypass of security restrictions,chrome pages,about page,MFSA 2005-58,
CVE-2006-2788,Mozilla,Firefox,DoS,denial of service,double-free,
CVE-2006-2782,Mozilla,Firefox,information disclosure,text input control,firefox_1504,
CVE-2006-2783,Mozilla,Firefox,cross-site scripting,CSS,UTF-8,
CVE-2006-2786,Mozilla,Firefox,HTTP response smuggling,firefox_1504,
CVE-2006-2787,Mozilla,Firefox,arbitrary code execution,JavaScript,EvalInSandbox,
CVE-2006-2784,Mozilla,Firefox,arbitrary code execution,nested javascript URL,firefox_1504,
CVE-2006-2785,Mozilla,Firefox,information disclosure,cross-site scripting,CSS,
CVE-2006-4569,Mozilla,Firefox,cross-site scripting,xss,popup-blocker,
CVE-2007-0009,Mozilla,Network Security Services,NSS,integer underflow,arbitrary code execution,
CVE-2006-1730,Mozilla,Firefox,Thunderbird,SeaMonkey,mozilla_April_2006,
CVE-2008-1238,Mozilla,Firefox,HTTP Referer: (sic) header,Basic Authentication credentials,mozilla_200803,
CVE-2008-2934,Mozilla,Firefox,Mac OS X,arbitrary code execution,Mozilla graphics code,
CVE-2008-2933,Mozilla,Firefox,command-line URI,pipe,multiple tabs,
CVE-2005-1531,Mozilla,Firefox,properly implement security checks,wrapped javascript,view-source,
CVE-2005-1532,Mozilla,firefox,properly check,privilege level,context,
CVE-2008-0304,Mozilla,Thunderbird,buffer overflow,external-body,MIME,
CVE-2004-0648,Mozilla,Firefox,Thunderbird,arbitrary program execution,shell:,
CVE-2007-1562,Mozilla,PASV,FTP responses,
CVE-2006-1724,Mozilla,Firefox,Thunderbird,SeaMonkey,mozilla_April_2006,
CVE-2006-1726,Mozilla,Firefox,Thunderbird,SeaMonkey,mozilla_April_2006,
CVE-2006-1729,Mozilla,information disclosure,text input box,file-upload control,
CVE-2006-1728,Mozilla,Firefox,Thunderbird,SeaMonkey,mozilla_April_2006,
CVE-2006-6498,Mozilla,DoS,denial of service,memory corruption,crash,
CVE-2006-6499,Mozilla,DoS,denial of service,js_dtoa function,overwrites memory,
CVE-2006-6497,Mozilla,DoS,denial of service,memory corruption,crash,
CVE-2007-5960,Mozilla,Firefox,XSRF,cross-site request forgery,window.location property,
CVE-2005-2968,Mozilla,Firefox,arbitrary command execution,URL,command line,
CVE-2006-3811,Mozilla,Firefox,DoS,denial of service,nsListControlFrame::FireMenuItemActiveEvent,
CVE-2006-3812,Mozilla,Firefox,privilege escalation,chrome,URL,
CVE-2005-0589,Mozilla,Firefox,form fill feature,autocomplete,data leak,
CVE-2005-0588,Mozilla,Firefox,XML documents,XSLT stylesheets,arbitrary sites,
CVE-2005-0231,Mozilla,Firefox,javascript security,tab,
CVE-2005-0230,Mozilla,Firefox,image/gif,specially crafted GIF image,batch file hybrid file,
CVE-2005-0232,Mozilla,Firefox,URI handlers,unauthorized access,about:config,
CVE-2005-0586,Mozilla,Firefox,spoofing,Save Link As download dialog,Content Disposition HTTP header,
CVE-2005-0585,Mozilla,Firefox,spoofing,download dialog box,
CVE-2005-0584,Mozilla,Firefox,HTTP authentication prompt,dialog box spoofing,phishing,
CVE-2005-1154,Mozilla,Firefox,properly clear,global scope,window,
CVE-2008-0594,Mozilla,Firefox,phishing protection bypass,div,absolute positioning,
CVE-2008-0592,Mozilla,Firefox,SeaMonkey,feature disabling,locally saved plain text files,
CVE-2008-0591,Mozilla,Firefox,Thunderbird,window focus stealing,timer-enabled security dialogs,
CVE-2007-2871,Mozilla,spoofing,XUL popups,Mozilla_20070531,
CVE-2007-2870,Mozilla,cross-site scripting,xss,addEventListener method,Mozilla_20070531,
CVE-2006-1727,Mozilla,Firefox,Thunderbird,SeaMonkey,mozilla_April_2006,
CVE-2007-3737,Mozilla,Firefox,arbitrary code execution,elements outside of documents,chrome,
CVE-2007-3735,Mozilla,Firefox,JavaScript,engine,memory corruption,
CVE-2007-3734,Mozilla,Firefox,browser engine,memory corruption,arbitrary code execution,
CVE-2002-1308,Mozilla,heap overflow,jar://,URI handler,
CVE-2007-4879,Mozilla,Firefox,information disclosure,SSL certificate,mozilla_200803,
CVE-2006-1741,Mozilla,cross-site scripting,CSS,event handler,
CVE-2006-1740,Mozilla,information disclosure,secure browsing,lock icon,
CVE-2008-1380,Mozilla,Firefox,JavaScript engine,DoS,denial of service,
CVE-2005-0255,Mozilla,Firefox,arbitrary code execution,nsCSubstring::Append,nsTSubstring.cpp,
CVE-2005-2704,Mozilla,unprivileged XBL control,spoof interface,XPCOM,DOM,
CVE-2005-0147,Mozilla,Firefox,proxy,NTLM,SPNEGO,
CVE-2005-2114,Mozilla,DoS,denial of service,specially crafted,JavaScript function,
CVE-2005-0752,Mozilla,Firefox,PLUGINSPAGE attribute,EMBED tag,javascript URL,
CVE-2006-3810,Mozilla,Firefox,cross-site scripting,xss,code execution,
CVE-2005-2264,Mozilla,Firefox,data:,arbitrary script execution,
CVE-2006-1733,Mozilla,Firefox,privilege escalation,valueOf.call(),mozilla_April_2006,
CVE-2005-0587,Mozilla,Firefox,shortcut files,.lnk,overwrite arbitrary files,
CVE-2008-2808,Mozilla,Firefox,file URLs,directory listings,HTML escape,
CVE-2008-2803,Mozilla,Firefox,mozIJSSubScriptLoader.LoadScript(),XPCNativeWrappers,standard chrome: URIs,
CVE-2008-2802,Mozilla,Firefox,privilege escalation,non-priviliged XUL documents,chrome: URIs,
CVE-2008-2807,Mozilla,Firefox,faulty .properties file,uninitialized memory,information disclosure,
CVE-2008-2806,Mozilla,Firefox,arbitrary socket connections,Java LiveConnect,Mac OS X,
CVE-2006-2777,Mozilla,Firefox,privilege escalation,addSelectionListener,firefox_1504,
CVE-2006-2776,Mozilla,Firefox,privilege escalation,content-defined setter,object prototype,
CVE-2006-2775,Mozilla,Firefox,privilege escalation,arbitrary code execution,XUL persist,
CVE-2002-0594,Mozilla,Netscape 6,Galeon,LINK element,local file detection,
CVE-2007-1362,Mozilla,lengths,cookie path parameter,document.cookie,Mozilla_20070531,
CVE-2008-0420,Mozilla,Firefox,information disclosure,BMP,
CVE-2006-3802,Mozilla,Firefox,cross-site scripting,xss,DOM method,
CVE-2006-3801,Mozilla,Firefox,code execution,JavaScript reference,frame,
CVE-2005-2353,Mozilla,Firefox,elevate privileges,run-mozilla.sh,temporary files,
CVE-2007-0776,Mozilla,Firefox,buffer overflow,SVG,wide stroke widths,
CVE-2007-0777,Mozilla,JavaScript engine,memory corruption,moz_bug_r_a4,shutdown,
CVE-2007-0778,Mozilla,information disclosure,cache collisions,
CVE-2007-0779,Mozilla,spoofing,UI elements,name,security,
CVE-2004-0757,Mozilla,Firefox,Thunderbird,buffer overflow,arbitrary code execution,
CVE-2004-0759,Mozilla,arbitrary file upload,document.write,
CVE-2004-0758,Mozilla,SSL,CA,
CVE-2006-3127,Mozilla,Netscape,memory leak,information disclosure,DoS,
CVE-2008-2809,Mozilla,Firefox,peer-trusted certificates,alternate names,Man-in-the-Middle attack,
CVE-2008-2801,Mozilla,Firefox,JavaScript injection,signed JARs,
CVE-2008-2800,Mozilla,Firefox,xss,cross-site scripting,arbitrary sites,
CVE-2008-2805,Mozilla,Firefox,arbitrary file upload,originalTarget,DOM Range,
CVE-2006-1993,Mozilla,Firefox,iframe.contentWindow.focus(),DoS,denial of service,
CVE-2007-5335,Mozilla,Firefox,information disclosure,URI,addMicrosummaryGenerator sidebar method,
CVE-2006-2778,Mozilla,Firefox,Thunderbird,crypto.signText,buffer overflow,
CVE-2007-5334,Mozilla,Firefox,XUL pages,hide windows titlebar,mozilla_101907,
CVE-2005-2261,Mozilla,Firefox,XBL,
CVE-2005-2267,Mozilla,Firefox,Netscape 8,arbitrary code execution,external URI,
CVE-2005-1158,Mozilla,Firefox,security checks,_search target,sidebar,
CVE-2006-3677,Mozilla,Firefox,code execution,Java,window.navigator object,
CVE-2006-2538,Mozilla,Firefox,IETab Plugin,DoS,denial of service,
CVE-2006-4570,Mozilla,Thunderbird,SeaMonkey,JavaScript,mail,
CVE-2005-0989,Mozilla,Firefox,information disclosure,JavaScript,lambda,
CVE-2007-0994,Mozilla,Firefox,SeaMonkey,privilege escalation,JavaScript,
CVE-2005-2260,Mozilla,Firefox,UI,
CVE-2005-2262,Mozilla,Firefox,eval(),cross-site scripting,css,
CVE-2005-2265,Mozilla,Firefox,arbitrary code execution,InstallVersion.compareTo(),
CVE-2005-2269,Mozilla,Firefox,arbitrary code execution,DOM node names,namespaces,
CVE-2008-2810,Mozilla,Firefox,URL shortcut files,Windows,local file context,
CVE-2005-0402,Mozilla,Firefox,arbitrary code execution,javascript injection,malicious page,
CVE-2005-2702,Mozilla,DoS,denial of service,zero-width non-jointer,stack corruption,
CVE-2005-2701,Mozilla,buffer overflow,heap overflow,XBM image file,arbitrary code execution,
CVE-2005-2705,Mozilla,buffer overflow,integer overflow,arbitrary code execution,JavaScript engine,
CVE-2008-0413,Mozilla,Firefox,Thunderbird,SeaMonkey,DoS,
CVE-2008-0415,Mozilla,Firefox,Thunderbird,SeaMonkey,xss,
CVE-2007-3845,Mozilla,Firefox,arbitrary command execution,crafted URIs,
CVE-2005-0141,Mozilla,Firefox,custom getter,toString(),MFSA2005-01,
CVE-2005-0146,Mozilla,Firefox,clipboard information disclosure,middle-click,MFSA2005-08,
CVE-2005-0144,Mozilla,Firefox,SSL,view-source,MFSA2005-04,
CVE-2005-0401,Mozilla,Firefox,drag and drop,privileged XUL,
CVE-2008-0593,Mozilla,Gecko-based browsers,information disclosure,.href,stylesheet DOM nodes,
CVE-2002-1091,Mozilla,Netscape,zero-width GIF file,heap corruption,Opera,
CVE-2006-0884,Mozilla,Thunderbird,WYSIWYG,rendering engine,DoS,
CVE-2006-4253,Mozilla,Firefox,XML document,Javascript handler,
CVE-2002-1407,Mozilla,Microsoft,Internet Explorer,IE,basic constraints,SSL certificates,
CVE-2006-1736,Mozilla,arbitrary code execution,Save Image As,
CVE-2006-1737,Mozilla,DoS,denial of service,regular expression,JavaScript,
CVE-2006-1734,Mozilla,Firefox,privilege escalation,mozilla_April_2006,
CVE-2006-1735,Mozilla,Firefox,privilege escalation,XBL.method.eval,mozilla_April_2006,
CVE-2006-1732,Mozilla,cross-site scripting,CSS,window.controllers,
CVE-2006-1045,Mozilla,Thunderbird,information disclosure,external image,in-line attachment,
CVE-2006-1731,Mozilla,cross-site scripting,CSS,.valueOf.call,.valueOf.apply,
CVE-2006-1738,Mozilla,DoS,denial of service,-moz-grid,msfa2006-11,
CVE-2006-1739,Mozilla,CSS border-rendering code,Cascading Style Sheets,DoS,denial of service,
CVE-2006-3808,Mozilla,Firefox,privilege escalation,Proxy AutoConfig server,PAC,
CVE-2006-3809,Mozilla,Firefox,privilege escalation,UniversalBrowserRead privilege,UniversalXPConnect,
CVE-2006-3807,Mozilla,Firefox,privilege escalation,Named JavaScript functions,parent object,
CVE-2006-3804,Mozilla,VCard attachment,base64,heap buffer overwrite,integer underflow,
CVE-2006-3805,Mozilla,Firefox,arbitrary code execution,garbage collection,firefox_1505,
CVE-2006-3803,Mozilla,Firefox,code execution,JavaScript garbage collection,temporary variable,
CVE-2005-0590,Mozilla,Firefox,Thunderbird,InstallTrigger,spoofing,
CVE-2005-0591,Mozilla,Firefox,dialog obfuscation,javascript,
CVE-2005-0593,Mozilla,Firefox,spoof,SSL,secure site lock,
CVE-2006-4310,Mozilla,Firefox,SeaMonkey,DoS,denial of service,
CVE-2008-1240,Mozilla,Firefox,privilege escalation,Java LiveConnect,jar: protocol,
CVE-2008-1241,Mozilla,Firefox,information disclosure,XUL pop-up,border,
CVE-2006-0292,Mozilla,DoS,arbitrary code execution,jsinterp.c,object dereference,
CVE-2006-0293,Mozilla,Firefox,DoS,memory corruption,arbitrary code execution,
CVE-2006-0296,Mozilla,cross-site scripting,CSS,attribute name,XULDocument.persist,
CVE-2006-0297,Mozilla,arbitrary code execution,integer overflow,Canvas,SVG,
CVE-2006-0294,Mozilla,arbitrary code execution,JavaScript,SeaMonkey,position:relative,
CVE-2006-0295,Mozilla,arbitrary code execution,QueryInterface,memory corruption,SeaMonkey,
CVE-2006-0298,Mozilla,XML parser,DoS,information disclosure,out-of-bounds read,
CVE-2006-0299,Mozilla,information disclosure,AnyName object,
CVE-2006-0748,Mozilla,FireFox,arbitrary code execution,negative array index,table-related tags,
CVE-2006-0749,Mozilla,Firefox,DoS,memory corruption,arbitrary code execution,
CVE-2006-5463,Mozilla,Firefox,Thunderbird,SeaMonkey,arbitrary code execution,
CVE-2006-5464,Mozilla,Firefox,Thunderbird,SeaMonkey,DoS,
CVE-2005-2263,Mozilla,Firefox,callback,InstallTrigger.install(),arbitrary code execution,
CVE-2005-2266,Mozilla,Firefox,cross-site scripting,css,DHTML,
CVE-2006-4339,Mozilla,NSS,crypto library,RSA signatures,apple-2006-007,
CVE-2007-2868,Mozilla,memory corruption,arbitrary code execution,JavaScript engine,Mozilla_20070531,
CVE-2007-2869,Mozilla,Firefox,DoS,denial of service,autocomplete feature,
CVE-2007-2867,Mozilla,layout engine,memory corruption,arbitrary code execution,malformed JavaScript code,
CVE-2007-3511,Mozilla,Firefox,redirect focus of selected key press events,
CVE-2014-1568,Mozilla,mozilla,nss,rsa,cwe-295,
CVE-2005-0592,Mozilla,Firefox,UTF8,Unicode,UTF8ToNewUnicode,
CVE-2005-2270,Mozilla,Firefox,netscape,arbitrary script execution,member functions,
CVE-2002-0593,Mozilla,Netscape 6,buffer overflow,IRC protocol,IRC://,
CVE-2007-3736,Mozilla,Firefox,xss,cross-site scripting,addEventListener,
CVE-2007-0775,Mozilla,layout engine,crash,
CVE-2006-3806,Mozilla,Firefox,integer overflow,long strings,toSource() methods,
CVE-2010-1028,Mozilla,firefox,0-day,heap corruption,WOFF,
CVE-2005-1160,Mozilla,Firefox,Suite,properly protect,DOM nodes,
CVE-2007-5337,Mozilla,Firefox,information disclosure,Linux,URI schemes,
CVE-2007-5339,Mozilla,Firefox,DoS,denial of service,arbitrary code execution,
CVE-2005-2871,Mozilla,Firefox,Netscape,arbitrary code execution,buffer overflow,
CVE-2007-3089,Mozilla,Firefox,IFRAME,cross-site scripting,xss,
CVE-2002-1126,Mozilla,incorrect referer field,OnUnload function,
CVE-2010-1205,Mozilla,IDAT,Libpng,progressive reader,DoS,
CVE-2006-5748,Mozilla,Firefox,Thunderbird,SeaMonkey,memory corruption,
CVE-2006-5747,Mozilla,Firefox,Thunderbird,SeaMonkey,DoS,
CVE-2005-2707,Mozilla,spoofing,blank chrome canvas,no UI,MFSA 2005-58,
CVE-2005-0578,Mozilla,Firefox,privilege escalation,temporary plugin directory,symlink,
CVE-2005-1155,Mozilla,Firefox,Suite,javascript,elevated privileges,
CVE-2005-1153,Mozilla,Firefox,popup blocker,javascript,elevated privileges,
CVE-2005-1159,Mozilla,Firefox,validate,object type,objects,
CVE-2005-0399,Mozilla,Firefox,Thunderbird,heap overflow,arbitrary code execution,
CVE-2006-6919,Mozilla,Firefox,Sage extension,xss,cross-site scripting,
CVE-2008-2811,Mozilla,Firefox,crash,remote code execution,block reflow,
CVE-2008-0412,Mozilla,Firefox,Thunderbird,SeaMonkey,DoS,
CVE-2008-0416,Mozilla,Firefox,xss,cross-site scripting,character encoding,
CVE-2008-0417,Mozilla,Firefox,password store corruption,newline,Mozilla_20080207,
CVE-2008-0414,Mozilla,Firefox,SeaMonkey,input focus stealing,Mozilla_20080207,
CVE-2008-0418,Mozilla,Firefox,Thunderbird,SeaMonkey,directory traversal,
CVE-2008-0419,Mozilla,Firefox,SeaMonkey,information disclosure,DoS,
CVE-2005-0143,Mozilla,Firefox,SSL,MFSA2005-03,
CVE-2005-0142,Mozilla,Firefox,Thunderbird,information disclosure,
CVE-2005-0149,Mozilla,Thunderbird,cookie requests over HTTP,MFSA2005-11,
CVE-2006-1742,Mozilla,Firefox,garbage-collection,mozilla_April_2006,MFSA2006-10,
CVE-2007-3670,Mozilla,Firefox,Microsoft,Internet Explorer,remote code execution,
CVE-2004-0722,Mozilla,integer overflow,SOAPParameter,
CVE-2008-2785,Mozilla,Firefox,remote code execution,CSS reference counter,CSSValue array data structure,
CVE-2005-1476,Mozilla,Firefox,inline javascript,eval,xss,
CVE-2005-1477,Mozilla,Firefox,xpinstall,installtrigger,installtrigger.install,
CVE-2007-5959,Mozilla,Firefox,DoS,denial of service,arbitrary code execution,
