CVE-2005-2531,Openssl,OpenVPN,DoS,denial of service,OpenSSL,verb 0,
CVE-2008-1950,Openssl,ssl,openssl,tls,gnutls,
CVE-2005-2946,Openssl,OpenSSL,weak default configuration,message digests,certificates,CA,
CVE-2003-0851,Openssl,SSL,Novell,niscc,ouspg,uniras,
CVE-2004-0079,Openssl,OpenSSL,DoS,denial of service,do_change_cipher_spec(),
CVE-2005-2969,Openssl,OpenSSL,protocol,information disclosure,communication,rollback,
CVE-2003-0147,Openssl,OpenSSL,cryptolib libraries,timing analysis,RSA key,1024 bit,
CVE-2007-3108,Openssl,OpenSSL,RSA,Montgomery multiplication algorithm,extra reduction step,side-channel attack,
CVE-2004-0112,Openssl,OpenSSL,DoS,denial of service,SSL/TLS,Kerberos cipher suites,
CVE-2014-0224,Openssl,openssl,mitm,man,middle,attack,
CVE-2004-0081,Openssl,OpenSSL,DoS,denial of service,infinite loop,
CVE-2005-2532,Openssl,OpenVPN,DoS,denial of service,OpenSSL,
CVE-2005-1730,Openssl,Novell,iManager,DoS,denial of service,
CVE-2003-0078,Openssl,ssl,tls,openssl,mac,cbc,
CVE-2007-5135,Openssl,OpenSSL,SSL_get_shared_ciphers,off-by-one buffer overflow,HP-UX,Apache,
CVE-2008-0166,Openssl,Debian,OpenSSL,predictable random number generator,INFO#560768,
CVE-2007-4995,Openssl,OpenSSL,DTLS,arbitrary code execution,
CVE-2002-0082,Openssl,OpenSSL,mod_ssl,buffer overflow,i2d_SSL_SESSION,
CVE-2001-1141,Openssl,OpenSSL,PRNG,design flaw,internal state,future output,
CVE-2008-1672,Openssl,OpenSSL,DoS,denial of service,server name extension data,Server Key exchange message,
CVE-2008-0891,Openssl,OpenSSL,DoS,denial of service,server name extension data,Server Key exchange message,
CVE-2007-5536,Openssl,HP-UX,OpenSSL,denial of service,DoS,
CVE-2002-0656,Openssl,O,p,e,n,S,
CVE-2014-0160,Openssl,heartbleed,OpenSSL,heartbeat,EDB-ID: 32745,
CVE-2006-4343,Openssl,OpenSSL,sslv2 client code,DoS,denial of service,NULL,
CVE-2006-3738,Openssl,OpenSSL,SSL_get_shared_ciphers() utility function,buffer overflow,openssl_secadv_20060928,apple-2006-007,
CVE-2009-1252,Openssl,ntpd,autokey,OpenSSL,sprintf,buffer overflow,
CVE-2008-1949,Openssl,ssl,openssl,tls,gnutls,
CVE-2003-0545,Openssl,fuzz,black box,test suite,tls,ssl,
CVE-2003-0543,Openssl,oulu,ouspg,fuzz,black box,test suite,
CVE-2011-1945,Openssl,OpenSSL,Side-channel attacks,timing attacks,elliptic curve cryptography,lattice attacks,
CVE-2007-5502,Openssl,OpenSSL,FIPS,Object Module,authentication bypass,PRNG,
CVE-2010-4180,Openssl,IBM,OpenSSL,
CVE-2006-2937,Openssl,OpenSSL,DoS,error condition,ASN.1,openssl_secadv_20060928,
CVE-2003-0544,Openssl,oulu,ouspg,fuzz,black box,test suite,
CVE-2014-3566,Openssl,poodle,SSL,CBC,openssl,padding-oracle attack,
