CVE-2011-0412,Oracle,Solaris 10,
CVE-2006-5335,Oracle,Database,Change Data Capture,CDC,SQL injection,
CVE-2001-0499,Oracle,oracle,oracle 8i,buffer overflow,TNS,covert,
CVE-2001-0498,Oracle,TNS libraries,type specific header extension fields,Net8,SQLNet,
CVE-2007-5525,Oracle,Application Server,oracle_cpu_oct07,
CVE-2001-0126,Oracle,XSQL,xslt,xmlns,java,
CVE-2007-0272,Oracle,Database,NLS Runtime,buffer overflow,DB12,
CVE-2007-0270,Oracle,Database,Data Guard,buffer overflow,sys.dbms_drs,
CVE-2007-5506,Oracle,Database,Core RDBMS,oracle_cpu_oct07,
CVE-2012-1675,Oracle,oracle,tns,listener,database,
CVE-2001-0974,Oracle,PROTOS,LDAP,
CVE-2002-0856,Oracle,SQLNet Listener,debugging,debug requests,DoS,
CVE-2010-0087,Oracle,Sun,Java,JVM,signature,
CVE-2002-0386,Oracle,9iAS,Web Cache administration module,DoS,denial of service,
CVE-2005-2294,Oracle,July 2005 Security alert,Application Server,Oracle Forms,AS04,
CVE-2006-0265,Oracle,Database,Program Interface Network,Oracle CPU January 2006,oracle_cpu_january_2006,
CVE-2004-1366,Oracle,clear text passwords,SYSMAN,$ORACLE_HOME/hostname_sid/sysman/config/emoms.properties,information disclosure,
CVE-2001-0591,Oracle,JSP,SQLJSP,
CVE-2002-0857,Oracle,TNS,Listener Control utility,remotely exploitable,format string,
CVE-2006-0283,Oracle,Reorganize Objects & Convert Tablespace,Oracle CPU January 2006,oracle_cpu_january_2006,DBC02,
CVE-2002-1089,Oracle,Reports Server,sensitive system information,arbitrary users,rwcgi60,
CVE-2001-0836,Oracle,Oracle9iAS Web Cache,DoS,denial of service,long string of characters,buffer overflow,
CVE-2002-1118,Oracle,TNS Listener,DoS,denial of service,SERVICE_CURLOAD command,
CVE-2006-0260,Oracle,Database,Oracle Text,Oracle CPU January 2006,oracle_cpu_january_2006,
CVE-2013-3749,Oracle,oracle,ebusiness,password,disclosure,cwe-200,
CVE-2013-3827,Oracle,oracle,javaserver,faces,cwe-22,cwe-367,
CVE-2006-5341,Oracle,Database,XMLDB,SQL injection,DISABLE_HIERARCHY_INTERNAL,
CVE-2006-5340,Oracle,Database,Oracle Spatial,SQL injection,DB17,
CVE-2007-5519,Oracle,Application Server,oracle_cpu_oct07,
CVE-2007-5518,Oracle,Application Server,oracle_cpu_oct07,
CVE-2007-5515,Oracle,Database,Spatial,oracle_cpu_oct07,
CVE-2007-5517,Oracle,Application Server,oracle_cpu_oct07,
CVE-2007-5510,Oracle,Database,Workspace Manager,oracle_cpu_oct07,
CVE-2007-5513,Oracle,Database,XML DB,oracle_cpu_oct07,
CVE-2006-0435,Oracle,PL/SQL Gateway,security bypass,PLSQLExclusion,excluded packages,
CVE-2012-4681,Oracle,oracle,java,jre,applet,class,
CVE-2008-2138,Oracle,Application Server,OracleAS Portal,dav_portal,authentication bypass,
CVE-2001-0528,Oracle,Application Desktop Integrator,ADI,dbg.txt,
CVE-2007-5533,Oracle,Enterprise Manager,oracle_cpu_oct07,
CVE-2007-5766,Oracle,E-Business Suite,okxLOV.jsp,WHERE command,SQL injection,
CVE-2002-1264,Oracle,iSQL*Plus,buffer overflow,long string of characters,user ID parameter,
CVE-2007-5516,Oracle,Application Server,oracle_cpu_oct07,
CVE-2002-0947,Oracle,oracle9i,9i,reports Server,6i,
CVE-2003-0727,Oracle,XDB,FTP service,buffer overflow,
CVE-2007-5534,Oracle,Enterprise Manager,oracle_cpu_oct07,
CVE-2002-0965,Oracle,TNS Listener,remotely exploitable,buffer overflow,SERVICE_NAME,
CVE-2007-5514,Oracle,Database,Oracle Database Vault,oracle_cpu_oct07,SQL Execution,
CVE-2007-5512,Oracle,Database,Vault,oracle_cpu_oct07,
CVE-2001-0300,Oracle,OID,oidldapd,write,
CVE-2001-0943,Oracle,dbsnmp,path,
CVE-2007-5507,Oracle,Database,Oracle Net Service,oracle_cpu_oct07,
CVE-2007-0222,Oracle,Application Server,directory traversal,EMChartBean server side,OC4J08,
CVE-2007-3867,Oracle,E-Business Suite,Oracle Application Object Library,oracle_cpu_jul07,Oracle Human Resources,
CVE-2007-3866,Oracle,E-Business Suite,Oracle Application Object Library,oracle_cpu_jul07,Oracle iExpenses,
CVE-2007-3865,Oracle,E-Business Suite,Oracle Customer Intelligence,oracle_cpu_jul07,
CVE-2005-2371,Oracle,Application Server,overwriting of files,Oracle Reports,REP06,
CVE-2004-0385,Oracle,Application Server,Web Cache,heap overflow,HTTP Request Method header,
CVE-2010-2370,Oracle,Business Process Management,data manipulation,
CVE-2010-2373,Oracle,Enterprise Manager Grid Control,Console component,
CVE-2005-2292,Oracle,July 2005 Security alert,Application Server,Oracle JDeveloper,AS10,
CVE-2000-0987,Oracle,oracle,ldapd,oidldapd,euid,
CVE-2007-4517,Oracle,Database,buffer overflow,arbitrary code execution,OWNER,
CVE-2007-5532,Oracle,Enterprise Manager,oracle_cpu_oct07,
CVE-2007-5531,Oracle,Database,Oracle Help for Web,oracle_cpu_oct07,
CVE-2007-5530,Oracle,Database,Control,oracle_cpu_oct07,
CVE-1999-0711,Oracle,setuid,oratclsh,root.sh,
CVE-2006-5338,Oracle,Database,Core RDBMS,DROP_SQLSET,DELETE_SQLSET,
CVE-2006-5337,Oracle,Database,Core RDBMS,DB09,Oracle_CPU_Oct_2006,
CVE-2006-0256,Oracle,Database,Data Pump Metadata API,Oracle CPU January 2006,oracle_cpu_january_2006,
CVE-2006-0259,Oracle,Database,Data Pump Metadata API,Oracle CPU January 2006,oracle_cpu_january_2006,
CVE-2005-2291,Oracle,July 2005 Security alert,Application Server,Oracle JDeveloper,AS09,
CVE-2005-2293,Oracle,July 2005 Security alert,Application Server,Oracle Forms,AS06,
CVE-2007-5520,Oracle,Database,Internet Directory,oracle_cpu_oct07,
CVE-2007-5529,Oracle,E-Business Suite,oracle_cpu_oct07,
CVE-2007-3553,Oracle,E-Business Suite,Rapid Install,xss,cross-site scripting,
CVE-2006-0270,Oracle,information disclosure,master encryption key,transparent data encryption,TDE,
CVE-2006-0272,Oracle,Database,XML Database,Oracle CPU January 2006,oracle_cpu_january_2006,
CVE-2005-0701,Oracle,Database Server,data manipulation,UTL_FILE component,
CVE-2002-0561,Oracle,9i,iAS,application server,apache,
CVE-2006-5351,Oracle,Application Express,APEX02,Oracle_CPU_Oct_2006,APEX14,
CVE-2007-5508,Oracle,Database,Oracle Text,oracle_cpu_oct07,
CVE-2007-5509,Oracle,Database,Spatial,oracle_cpu_oct07,
CVE-2007-5504,Oracle,Database,oracle_cpu_oct07,Advanced Queuing,
CVE-2007-5505,Oracle,Database,Spatial,oracle_cpu_oct07,Advanced Security Option,
CVE-2007-5524,Oracle,Application Server,oracle_cpu_oct07,
CVE-2007-5526,Oracle,Application Server,oracle_cpu_oct07,
CVE-2007-5527,Oracle,E-Business Suite,oracle_cpu_oct07,
CVE-2007-5521,Oracle,Application Server,oracle_cpu_oct07,
CVE-2007-5522,Oracle,Application Server,oracle_cpu_oct07,
CVE-2007-5523,Oracle,Application Server,oracle_cpu_oct07,
CVE-2007-5528,Oracle,E-Business Suite,oracle_cpu_oct07,
CVE-2006-5332,Oracle,Database,XDB,XMLDB,SQL injection,
CVE-2006-3702,Oracle,Oracle_CPU_July_2006,DBC04,DB13,DB19,DB10,
