CVE-2007-1660,Pcre,PCRE,DoS,denial of service,multiple forms of character class,apple-2007-009,
CVE-2006-7230,Pcre,PCRE,DoS,denial of service,-x UTF-8 option,-i UTF-8 option,
CVE-2005-2491,Pcre,PCRE,integer overflow,DoS,denial of service,pcre_compile.c,
CVE-2007-1662,Pcre,PCRE,DoS,denial of service,end of the string,searching,
CVE-2007-1661,Pcre,PCRE,DoS,denial of service,"\X?\d" patterns,apple-2007-009,
CVE-2007-4766,Pcre,PCRE,DoS,denial of service,unspecified escape sequences,backslash,
CVE-2007-4768,Pcre,PCRE,arbitrary code execution,singleton Unicode sequence,regex pattern,apple-2007-009,
CVE-2008-0674,Pcre,PCRE,buffer overflow,codepoints,
CVE-2006-7226,Pcre,PCRE,memory miscalculation,Posix character class,
CVE-2006-7227,Pcre,PCRE,buffer overflow,name_count,max_name_size,
CVE-2006-7224,Pcre,PCRE,DoS,denial of service,max variable,min variable,
CVE-2006-7225,Pcre,PCRE,memory miscalculation,subroutine reference,recursion reference,
CVE-2006-7228,Pcre,PCRE,buffer overflow,min values,max values,duplength values,
CVE-2008-2371,Pcre,PCRE,pcre_compile.c,buffer overflow,DoS,denial of service,
CVE-2007-4767,Pcre,PCRE,DoS,denial of service,\P sequence,\P{x} sequences,
CVE-2007-3944,Pcre,Apple,WebKit,heap overflow,arbitrary code execution,PCRE,
CVE-2007-1659,Pcre,PCRE,DoS,denial of service,\Q\E sequences,orphan \E codes,
