CVE-1999-1004,Symantec,Norton AntiVirus,buffer overflow,poproxy.exe,
CVE-2006-4014,Symantec,Brightmail,AntiSpam,DoS,denial of service,
CVE-2007-2279,Symantec,Storage Foundation for Windows,Volume Manager,authentication bypass,Scheduler Service socket,
CVE-2007-3022,Symantec,Reporting Server,information disclosure,administrator password,failed login attempt,
CVE-2007-4347,Symantec,Backup Exec,DoS,denial of service,integer overflow,
CVE-2007-4346,Symantec,Backup Exec,DoS,denial of service,null pointer,
CVE-2000-0300,Symantec,pcAnywhere,weak encryption,
CVE-2006-4013,Symantec,Brightmail,AntiSpam,directory traversal,DATABLOB-GET request,
CVE-2007-4516,Symantec,Veritas Storage Foundation,Scheduler Service,remote DoS,denial of service,
CVE-2005-0249,Symantec,buffer overflow,DEC2EXE,UPX file,
CVE-2007-2955,Symantec,Norton,arbitrary code execution,NAVCOMUI.DLL,ActiveX controls,
CVE-2003-0470,Symantec,ActiveX control,Symantec RuFSI Utility Class,Norton Internet Security Registry and File Information,buffer overflow,
CVE-2005-0817,Symantec,DNS cache poisoning,DNS proxy,DNSd,DNS server,
CVE-2008-0308,Symantec,Decomposer,DoS,denial of service,RAR files,
CVE-2008-0309,Symantec,Decomposer,stack-based buffer overflow,RAR files,
CVE-2007-3699,Symantec,Products,DoS,denial of service,decompressor,
CVE-2006-4266,Symantec,Norton Personal Firewall,arbitrary code execution,registry keys,HKLM\SOFTWARE\Symantec\CCPD\SuiteOwners,
CVE-2005-2759,Symantec,LiveUpdate,privilege escalation,command line,Java,
CVE-2014-3434,Symantec,symantec,sep,kernel pool overflow,
CVE-2008-1754,Symantec,Altiris Deployment Solution,system memory,AClient.exe,password plaintext,
CVE-2006-0991,Symantec,VERITAS,NetBackup,buffer overflow,arbitrary code execution,
CVE-2010-1885,Symantec,Mcafee,poc,
CVE-2006-4855,Symantec,AntiVirus Corporate Edition,Client Security,Host IDS,Norton Internet Security,
CVE-2007-3021,Symantec,Reporting Server,privilege escalation,restrict access,
CVE-2007-5829,Symantec,AntiVirus,Macintosh,privilege escalation,arbitrary code execution,
CVE-2007-3509,Symantec,Backup Exec,DoS,denial of service,crafted calls,
CVE-2006-3072,Symantec,Security Information Manager,M4 Macro Library,raw rule definitions,sesuser,
CVE-2006-5822,Symantec,Veritas,NetBackup,stack overflow,bpcd.exe,
CVE-2008-0638,Symantec,VERITAS Storage Foundation,Administrator Service,heap overflow,Administrator service,
CVE-2007-3771,Symantec,Anti-Virus Corporate Edition,stack-based buffer overflow,email messages,951 characters,
CVE-2006-4927,Symantec,privilege escalation,address space,IOCTL handlers,NAVEX15.SYS,
CVE-2007-3095,Symantec,Reporting Server,authentication bypass,
CVE-2002-0663,Symantec,Norton Personal Internet Firewall,NPIF,HTTP proxy,buffer overflow,
CVE-2007-1792,Symantec,Mail Security for SMTP,buffer overflow,DoS,denial of service,
CVE-2006-0990,Symantec,VERITAS,NetBackup,buffer overflow,arbitrary code execution,
CVE-2007-0447,Symantec,Products,heap corruption,decompressor,crafted CAB files,
CVE-2001-1125,Symantec,LiveUpdate,Norton AntiVirus,autoupdate,
CVE-2005-0923,Symantec,Norton AntiVirus,DoS,denial of service,SmartScan,
CVE-2005-0922,Symantec,Norton AntiVirus,DoS,denial of service,Auto-Protect,
CVE-2008-2512,Symantec,Backup Exec System Recovery Manager,directory traversal,input validation error,
CVE-2007-1593,Symantec,Storage Foundation Solutions Suites,DoS,denial of service,VVR service,
CVE-2009-0064,Symantec,Brightmail Gateway,privilege escalation,
CVE-2009-0063,Symantec,Brightmail Gateway,cross-site scripting,xss,
CVE-2006-1284,Symantec,Ghost,default password,administrator credentials,
CVE-2006-6222,Symantec,Veritas,NetBackup,heap overflow,bpcd.exe,
CVE-2003-0936,Symantec,PCAnywhere,privilege escalation,AWHOST32.EXE,
CVE-2007-3874,Symantec,Altiris,Deployment Solution,directory traversal,/,
CVE-2006-4902,Symantec,Veritas,NetBackup,arbitrary command execution,bpcd.exe,
CVE-2005-2766,Symantec,AntiVirus,Corporate Edition,cleartext password,Log.Liveupdate,
CVE-2007-3132,Symantec,Ghost Solution Suite,DoS,denial of service,malformed UDP packets,
CVE-2006-1286,Symantec,Ghost,buffer overflow,information disclosure,login dialog,
CVE-2006-1285,Symantec,Ghost,information disclosure,arbitrary code execution,unauthorized data modification,
CVE-2006-5404,Symantec,Internet Explorer,ActiveX,IE,Norton Antivirus,
CVE-2006-5403,Symantec,Internet Explorer,ActiveX,IE,Norton Antivirus,
CVE-2005-0618,Symantec,Gateway,SMTP,bind,information disclosure,
CVE-2006-3454,Symantec,AntiVirus,Corporate Edition,format string,privilege escalation,
CVE-2006-3457,Symantec,On-Demand,Protection,Virtual Desktop,encryption,
CVE-2006-3456,Symantec,Norton Internet Security 2006,COM Object,ActiveX,arbitrary code execution,
CVE-2004-0369,Symantec,DoS,denial of service,ISAKMPd,
CVE-2004-0375,Symantec,DoS,denial of service,EEYEB-20040309,SYMNDIS.SYS,
CVE-2007-5838,Symantec,Altiris Deployment Solution,system privileges,Aclient,
CVE-2006-4128,Symantec,Backup Exec,heap-based,buffer overflow,RPC interface,
CVE-2008-3636,Symantec,Gear Software,Apple iTunes,driver,CD DVD filter,
CVE-2005-4438,Symantec,symantec,decompression,compression,library,rar,
CVE-2006-4802,Symantec,AntiVirus,Corporate Edition,DoS,denial of service,
CVE-2008-0457,Symantec,Backup Exec System Recovery Manager,arbitrary code execution,FileUpload class,Symantec LiveState Apache Tomcat,
CVE-2001-0598,Symantec,Ghost,1347/tcp,
CVE-2001-0599,Symantec,Sybase,Ghost,2638/tcp,
CVE-2004-0445,Symantec,firewall products,UDP,Domain Name Service,DNS,
CVE-2004-0444,Symantec,firewall products,UDP,NetBIOS Name Service,NBNS,
CVE-2006-3455,Symantec,privilege escalation,output buffer address space,DeviceIOControl() call,SAVRT.SYS device driver,
CVE-2002-0538,Symantec,Raptor Firewall,FTP server,FTP bounce attack,PORT command,
CVE-2006-0989,Symantec,VERITAS,NetBackup,buffer overflow,arbitrary code execution,
CVE-2006-0230,Symantec,Scan Engine,authentication bypass,web-based user login,antivirus,
CVE-2006-0231,Symantec,Scan Engine,static private DSA key,SSL communications,man-in-the-middle attack,
CVE-2006-0232,Symantec,Scan Engine,authentication bypass,information disclosure,file download,
CVE-2008-0640,Symantec,Ghost Solution Suite,execute system commands,Ghost Console,Ghost Management Agent,
CVE-2008-4564,Symantec,KeyView Module,Buffer Overflow,DoS,denial of service,
CVE-2007-3673,Symantec,Products,buffer overflow,IOCTL handler,crafted IRP parameters,
CVE-2004-0920,Symantec,Norton AntiVirus,MS-DOS,
