CVE-2005-3620,Vmware,VMware,ESX Server,management interface,information disclosure,password,
CVE-2000-0090,Vmware,VMware,vmware-mount.pl,tmp,temporary,symlink,
CVE-2008-4914,Vmware,VMware,ESX,VMDK delta disks,denial of service,DoS,
CVE-2008-2099,Vmware,VMware,VMCI,arbitrary code execution,
CVE-2009-2628,Vmware,vmnc.dll,directshow,codec,video,vmware,
CVE-2007-4497,Vmware,VMware,Workstation,DoS,denial of service,memory corruption,
CVE-2007-1270,Vmware,VMware,ESX server,DoS,denial of service,arbitrary code execution,
CVE-2007-4155,Vmware,VMware,Workstation,data manipulation,file overwrite,vielib.dll,
CVE-2007-4496,Vmware,VMware,Workstation,arbitrary code execution,memory corruption,host process,
CVE-2006-3589,Vmware,VMware,information disclosure,restrictions bypass,SSL key file,
CVE-2015-2877 ,Vmware,VirtualBox,VMWare,KVM,Linux,Xen,
CVE-2006-2481,Vmware,VMware,ESX Server,information disclosure,password,cookie,
CVE-2007-4059,Vmware,VMware,Workstation,data manipulation,file overwrite,IntraProcessLogging.dll,
CVE-2008-2098,Vmware,VMware,HGFS File System,Host Guest File System,heap-based buffer overflow,
CVE-2005-3618,Vmware,VMware,ESX Server,information disclosure,management interface,HTTP GET request,
CVE-2010-3609,Vmware,OpenSLP,novell,suse,vmware,SLP,
CVE-2001-1059,Vmware,VMware,secure permissions,/tmp,license information,
CVE-2008-3514,Vmware,VMWare,virtual center,virtualcenter,account disclosure,
CVE-2002-0814,Vmware,VMWare,GSX Server,buffer overflow,Authentication Service,GLOBAL command,
CVE-2007-1271,Vmware,VMware,ESX server,DoS,denial of service,privilege escalation,
CVE-2006-5990,Vmware,VMware,VirtualCenter,spoofing,x.509 certificate,SSL session,
CVE-2005-4459,Vmware,VMware,arbitrary code execution,virtual host,NAT,vmnat.exe,
CVE-2007-1744,Vmware,VMware,Workstation,directory traversal,Shared Folders feature,
CVE-2008-2101,Vmware,VMware,Consolidated Backup,VCB,command-line utilities,DoS,
CVE-2007-4593,Vmware,VMWare,vstor-ws60.sys,DoS,denial of service,
CVE-2007-4591,Vmware,VMware,vstor-ws60.sys,DoS,denial of service,small buffer size values,
