CVE-2007-1409,Wordpress,WordPress,path information disclosure,admin-functions.php,
CVE-2007-6013,Wordpress,login credentials,login cookie,
CVE-2007-1893,Wordpress,WordPress,authentication bypass,xmlrpc.php,
CVE-2007-1897,Wordpress,WordPress,SQL injection,mt.setPostCategories,xmlrpc.php,
CVE-2008-0691,Wordpress,WP-Footnotes plugin,cross-site scripting,xss,pre_footnotes,
CVE-2008-0490,Wordpress,WordPress,WP-Cal Plugin,sql injection,id parameter,functions/editevent.php,
CVE-2008-2392,Wordpress,WordPress,arbitrary code execution,php script,file.php,
CVE-2005-1810,Wordpress,WordPress,SQL injection,cat_ID parameter,
CVE-2007-4104,Wordpress,WordPress,wp-feedstats plugin,xss,cross-site scripting,
CVE-2007-1894,Wordpress,WordPress,cross-site scripting,xss,year variable,wp_title function,
CVE-2006-3389,Wordpress,WordPress,SQL injection,paged parameter,index.php,
CVE-2007-2821,Wordpress,WordPress,SQL injection,cookie parameter,admin-ajax.php,
CVE-2006-6808,Wordpress,WordPress,xss,cross-site scripting,file,wp-admin/templates.php,
CVE-2007-4139,Wordpress,WordPress,xss,cross-site scripting,style,wp-admin/upload.php,
CVE-2008-0664,Wordpress,authentication bypass,XML-RPC,
CVE-2007-1244,Wordpress,cross-site scripting,xss,post parameter,post.php,
CVE-2007-6318,Wordpress,WordPress,sql injection,s parameter,index.php,
CVE-2007-3238,Wordpress,default theme,cross-site scripting,xss,themes.php,
CVE-2007-3239,Wordpress,WordPress,AndyBlue Theme,cross-site scripting,xss,index.php,
CVE-2006-3390,Wordpress,WordPress,information disclosure,full path information,
CVE-2007-4894,Wordpress,cross-site scripting,xss,unfiltered_html privilege feature,no_filter,
CVE-2008-3233,Wordpress,WordPress,xss,cross-site scripting,unspecified vectors,
CVE-2007-1622,Wordpress,WordPress,cross-site scripting,xss,PHP_SELF variable,
CVE-2007-5710,Wordpress,WordPress,xss,cross-site scripting,post_columns,wp-admin/edit-post-rows.php,
CVE-2007-4893,Wordpress,SQL injection,post_type parameter,URL,pingback.extensions.getPingbacks(),
CVE-2006-4028,Wordpress,WordPress,unspecified vulnerabilities,
CVE-2007-1599,Wordpress,wp-login.php,page,credential stealing,redirect,
CVE-2007-1049,Wordpress,WordPress,cross-site scripting,xss,file parameter,wp-admin/templates.php,
CVE-2008-0520,Wordpress,WordPress,WassUp Plugin,sql injection,to_date,from_date,
CVE-2008-0193,Wordpress,WordPress,css,cross-scripting,wp-db-backup.php,
CVE-2008-0194,Wordpress,WordPress,directory transversal,DoS,denial of service,wp-db-backup.php,
CVE-2008-0507,Wordpress,WordPress,AdServe Plugin,sql injection,id parameter,adclick.php,
CVE-2007-4482,Wordpress,WordPress,themes,xss,cross-site scripting,PHP_SELF,
CVE-2008-0683,Wordpress,st_newsletter,WordPress,sql injection,newsletter,shiftthis-preview.php,
CVE-2008-0682,Wordpress,Wordspew plugin,SQL injection,id parameter,wordspew-rss.php,
CVE-2007-1230,Wordpress,WordPress,cross-site scripting,xss,add_query_arg() function,wp-includes/functions.php,
CVE-2008-1982,Wordpress,WordPress,Spreadsheet Plugin,sql injection,ss_id parameter,wpSS/ss_load.php,
CVE-2007-1277,Wordpress,WordPress,arbitrary command execution,iz" parameter in "wp-includes/theme.php",arbitrary code execution,ix,
CVE-2005-1688,Wordpress,full-path disclosure,information disclosure,themes,error message,
CVE-2005-1687,Wordpress,WordPress,properly sanitize,SQL injection,tb_id,wp-trackback.php,
CVE-2007-0107,Wordpress,WordPress,Trackback,SQL injection,wiki fails to properly sanitize UTF-7 encoded input when "mbstring" is enabled,
CVE-2007-0109,Wordpress,information disclosure,wp-login.php,
CVE-2006-0238,Wordpress,SQL injection,wp-stats.php,author,
CVE-2006-5705,Wordpress,WordPress,directory traversal,plugins/wp-db-backup.php,
