CVE-2007-5169,Adobe,Pagemaker,buffer overflow,
CVE-2007-6431,Adobe,Flash Media Server 2,unspecified vectors,
CVE-2002-0030,Adobe,Acrobat viewer,Acrobat Reader,plug-in,digital certificates,
CVE-2009-1862,Adobe,adobe,flash,swf,pdf,portable document format,
CVE-2007-0047,Adobe,Acrobat,Reader Plugin,CRLF injection,Microsoft.XMLHTTP ActiveX object,
CVE-2007-1874,Adobe,ColdFusion MX,privilege escalation,file permissions,
CVE-2010-0209,Adobe,BFF,AVM2,ActionScript,Flash,
CVE-2007-5941,Adobe,Shockwave,stack overflow,ShockwaveVersion function,
CVE-2006-3093,Adobe,Acrobat,
CVE-2006-1788,Adobe,Document Server,Reader Extensions,information disclosure,error messages,
CVE-2006-1787,Adobe,Document Server,Reader Extensions,information disclosure,session ID,
CVE-2006-1786,Adobe,Document Server,Reader Extensions,cross-site scripting,CSS,
CVE-2006-1785,Adobe,Document Server,Reader Extensions,cross-site scripting,CSS,
CVE-2007-4324,Adobe,Flash Player,DoS,denial of service,port scanning,
CVE-2007-0048,Adobe,Acrobat Reader,DoS,denial of service,
CVE-2005-3525,Adobe,Macromedia,Shockwave,stack based,buffer overflow,
CVE-2003-0284,Adobe,Acrobat,JavaScript parsing engine,PDF,plug-ins folder,
CVE-2010-2884,Adobe,Flash,Reader,authplay.dll,actionscript,
CVE-2008-5499,Adobe,Flash Player for Linux,SWF,arbitrary code execution,
CVE-2008-1203,Adobe,ColdFusion,failed log-in,
CVE-2007-0044,Adobe,Acrobat Reader,Plugin,universal session riding,UCSRF,
CVE-2007-6253,Adobe,FormFlow,FormFlow Form Control,Internet Explorer,COM,
CVE-2007-1279,Adobe,Bridge Update,Installation,privilege escalation,
CVE-2009-1860,Adobe,security bulletin,shockware player,execute arbitrary code,unauthorized access,
CVE-2004-0629,Adobe,Acrobat Reader,pdf.ocx,ActiveX,boundary error,
CVE-2006-6027,Adobe,Acrobat,AcroPDF,ActiveX,memory corruption,
CVE-2007-6246,Adobe,Flash Player,privilege escalation,memory permission error,
CVE-2005-1307,Adobe,Version Cue,escalated privileges,suid root,Mac OS X,
CVE-2010-0185,Adobe,Adober Security Bulletin January 2010,ColdFusion,Information Disclosure,
CVE-2007-5659,Adobe,Reader,buffer overflow,stack-based,JavaScript methods,
CVE-2006-5860,Adobe,JRun,administrator console,cross-site scripting,xss,
CVE-2006-1182,Adobe,Document Server,information disclosure,SOAP request,saveContent,
CVE-2008-1654,Adobe,Flash Player,cross-domain policy file check,SWF files,HTTP headers,
CVE-2007-6245,Adobe,Flash Player,HTTP request splitting,
CVE-2005-1912,Adobe,Acrobat Reader,Linux,permissions,temporary files,
CVE-2008-4473,Adobe,Flash,CS3 Professional,code execution,
CVE-2010-2206,Adobe,Reader,GIF,Image Parsing,Array-Indexing,
CVE-2009-0658,Adobe,PDF,buffer overflow,vulnerability,
CVE-2005-2470,Adobe,Reader,Acrobat,buffer overflow,execute arbitrary code,
CVE-2010-2861,Adobe,ColdFusion,Directory Traversal,input validation error,
CVE-2007-2365,Adobe,PNG.8BI,Photoshop Format Plugin,stack-based buffer overflow,PNG files,
CVE-2007-6637,Adobe,Dreamweaver,Contribute,cross site scripting,xss,
CVE-2005-0151,Adobe,License Management service,arbitrary users,system access,installation,
CVE-2008-1656,Adobe,ColdFusion,CFC method access,
CVE-2001-1069,Adobe,Acrobat Reader,AdobeFnt.lst,Debian,
CVE-2006-3978,Adobe,ColdFusion,privilege escalation,third-party Verity library,SYSTEM privileges,
CVE-2006-3979,Adobe,ColdFusion MX 7,AdminAPI,authentication bypass,
CVE-2009-4324,Adobe,Acrobat,Reader,arbitrary code execution,0-day,
CVE-2006-1627,Adobe,Document Server,Reader Extensions,privilege escalation,actionID parameter,
CVE-2006-1628,Adobe,LiveCycle,information disclosure,user authorization,OBSOLETE,
CVE-2006-0024,Adobe,Flash Player,arbitrary code execution,malicious,SWF,
CVE-2007-5663,Adobe,Reader,arbitrary code execution,JavaScript,Insecure Method,
CVE-2010-1296,Adobe,SA39934,adobe,photoshop,heap-based buffer overflow,
CVE-2010-1297,Adobe,AVM2,ActionScript,Flash,ABC,
CVE-2002-1017,Adobe,eBook,activation code,weak algorithm,challenge response,
CVE-2002-1016,Adobe,Acrobat,eBook Reader,Content Server,lend,
CVE-2003-0142,Adobe,Acrobat PDF viewer,Adobe Reader,plug-in,digital certificates,
CVE-2007-6243,Adobe,Flash Player,privilege escalation,web server,cross-domain policy,
CVE-2008-4503,Adobe,Flash Player,Clickjacking,Security Bypass,iFRAME,
CVE-2007-5905,Adobe,ColdFusion,session hijacking,CFID,CFTOKEN,
CVE-2005-1625,Adobe,Acrobat Reader,Unix,buffer overflow,arbitrary code execution,
CVE-2006-3311,Adobe,Flash Player,buffer overflow,long string,runtime,
CVE-2007-5020,Adobe,Acrobat Reader,code execution,DoS,denial of service,
CVE-2009-3068,Adobe,RoboHelp Server,APSB09-14,
CVE-2007-0071,Adobe,Flash Player,arbitrary code execution,DeclareFunction2 tag,SWF file,
CVE-2008-2991,Adobe,RoboHelp Server,SQL Injection,
CVE-2008-3961,Adobe,Illustrator,unspecified code execution,
CVE-2007-3456,Adobe,Flash Player,remote code execution,apple_2007_008,
CVE-2007-3457,Adobe,Flash Player,cross-site scripting,xss,HTTP Referer,
CVE-2005-0492,Adobe,Reader,DoS,denial of service,Count,
CVE-2009-2993,Adobe,JavaScript,safe path,privileged context,
CVE-2011-2462,Adobe,adobe,acrobat,reader,u3d,3difr.x3d,
CVE-2007-6148,Adobe,Flash Media Server 2,privilege escalation,arbitrary code execution,RTMP messages,
CVE-2006-6483,Adobe,ColdFusion MX,cross-site scripting,xss,HTML tags,
CVE-2006-6482,Adobe,ColdFusion MX,information disclosure,URL request,JWS,
CVE-2007-0046,Adobe,Acrobat Reader,Plugin,arbitrary code execution,Double MSVCRT.free(),
CVE-2007-6244,Adobe,Flash Player,cross-site scripting,xss,asfunction: protocol,
CVE-2013-5326,Adobe,ColdFusion,XSS,cross-site scripting,directory traversal,
CVE-2008-1201,Adobe,Flash,CS3 Professional,FLA File Parsing,code execution vulnerabilities,
CVE-2008-1202,Adobe,LiveCycle Workflow,cross-site scripting,xss,URL,
CVE-2006-5199,Adobe,Contribute Publishing Server,information disclosure,administrator password,installvariables.properties log file,
CVE-2007-0817,Adobe,Coldfusion,MX,cross-site scripting,xss,
CVE-2004-0632,Adobe,Acrobat Reader,file names,NULL characters,buffer overflow,
CVE-2004-1152,Adobe,Acrobat Reader,arbitrary code execution,buffer overflow,mailListIsPdf(),
CVE-2010-3653,Adobe,Shockwave Player,Director File,rcsL,Chunk Parsing,
CVE-2008-2042,Adobe,Acrobat Professional,authentication bypass,app.checkForUpdate(),JavaScript function,
CVE-2009-3960,Adobe,information disclosure,
CVE-2006-3587,Adobe,Macromedia,Flash Player,arbitrary code execution,memory access error,
CVE-2006-3588,Adobe,Macromedia,Flash Player,DoS,denial of service,
CVE-2008-1765,Adobe,buffer overflow,header images,code execution,
CVE-2012-6271,Adobe,Shockwave,Flash,
CVE-2012-6270,Adobe,Shockwave,legacy,compatibility components,
CVE-2006-3453,Adobe,Acrobat,buffer overflow,convert files,PDF,
CVE-2006-3452,Adobe,Acrobat,privilege escalation,default permissions,
CVE-2006-5859,Adobe,Coldfusion,MX,cross-site scripting,xss,
CVE-2006-5858,Adobe,ColdFusion,information disclosure,URL,source code,
CVE-2006-5857,Adobe,Reader,heap corruption,arbitrary code execution,subroutine overwrite,
CVE-2006-5330,Adobe,Flash Player,cross-site request forgery,CRLF,XML.contentType attribute,
CVE-2006-5856,Adobe,Download Manager,buffer overflow,dm.ini file,AOM files,
CVE-2008-4831,Adobe,ColdFusion,Sandbox Security Bypass,
CVE-2007-4651,Adobe,Connect Enterprise Server,information disclosure,input validation,
CVE-2009-0927,Adobe,Reader,Acrobat,arbitrary code execution,denial of service,
CVE-2007-5666,Adobe,Reader,arbitrary code execution,Security Provider libraries,
CVE-2008-0667,Adobe,JavaScript API,DOC.print function,silent non-interactive printing,
CVE-2005-1624,Adobe,reader,acrobat,updater,privilege escalation,
CVE-2005-1623,Adobe,acrobat,reader,specially crafted PDF,arbitrary executable,
CVE-2007-1199,Adobe,Acrobat,malicious,PDF,arbitrary file calls,
CVE-2008-2641,Adobe,Reader,Acrobat,unspecified flaw,JavaScript,
CVE-2008-2640,Adobe,Flex 3,History Management,xss,cross-site scripting,
CVE-2008-0644,Adobe,ColdFusion,cross-site scripting,xss,Application.cfm,
CVE-2008-0643,Adobe,ColdFusion,cross-site scripting,xss,User Agent,
CVE-2006-4640,Adobe,Flash Player,security bypass,allowScriptAccess protection,apsb06-11,
CVE-2005-0918,Adobe,SVG Viewer,information disclosure,src,NPSVG3.dll,
