CVE-2004-1121,Apple,Safari,spoof,status bar,
CVE-2004-1123,Apple,QuickTime Streaming Server,DoS,denial of service,DESCRIBE,
CVE-2004-1122,Apple,Safari,
CVE-2008-2331,Apple,Finder,permission,Get Info window,
CVE-2008-2330,Apple,Directory Services,insecure file operation,slapconfid tool,OpenLDAP,
CVE-2010-3787,Apple,FOE,QuickTime,JP2,JPX,
CVE-2006-3946,Apple,Safari,memory corruption,KHTMLParser::popOneBlock(),
CVE-2007-0355,Apple,Mac,OS X,buffer overflow,SLP Daemon,
CVE-2006-3499,Apple,Mac OS X,dyld,dynamic linker options,standard error,
CVE-2006-3498,Apple,Mac OS X,DHCP,arbitrary code execution,BOOTP request,
CVE-2006-3495,Apple,Mac OS X,AFP server,information disclosure,reconnect keys,
CVE-2005-2742,Apple,Macintosh,OS X,SecurityAgent,information disclosure,
CVE-2007-4710,Apple,Mac,OS X,ColorSync,DoS,
CVE-2006-4412,Apple,Mac,OS X,WebKit,DoS,
CVE-2009-2817,Apple,apple,itunes,.pls,Mac,
CVE-2007-0729,Apple,AFP Client,arbitrary command execution,environment,apple_2007-004,
CVE-2007-0728,Apple,Mac OS X,arbitrary file overwrite,insecure,file operations,
CVE-2007-0721,Apple,Mac OS X,diskimages-helper,DoS,denial of service,
CVE-2007-0723,Apple,Mac OS X,DirectoryService,root password,apple_2007-003,
CVE-2007-0722,Apple,Mac OS X,diskimages-helper,DoS,denial of service,
CVE-2007-4702,Apple,Application Firewall,root processes,mDNSResponder,block all incoming connections,
CVE-2006-1983,Apple,Macintosh,MacOS,CFAllocatorAllocate,DoS,
CVE-2006-1982,Apple,Tiff,heap buffer overflow,LZWDecodeVector,apple-2006-003,
CVE-2006-1989,Apple,Mac,OS X,ClamAV,stack-based,
CVE-2007-3759,Apple,iPhone,Safari,JavaScript,
CVE-2007-3758,Apple,iPhone,Safari,WebCore,xss,
CVE-2007-4703,Apple,Application Firewall,root-owned executable,
CVE-2007-3753,Apple,iPhone,Bluetooth server,arbitrary code execution,Service Discovery Protocol,
CVE-2007-3755,Apple,iPhone,Mail,tel:,
CVE-2007-2399,Apple,WebKit,memory corruption,type conversion,frame sets,
CVE-2006-3496,Apple,Mac OS X,AFP server,DoS,denial of service,
CVE-2007-1071,Apple,Mac OS X,ImageIO,integer overflow,arbitrary code execution,
CVE-2008-0060,Apple,Help Viewer,arbitrary Applescript execution,help:topic_list URL,help:runscript link,
CVE-2007-0750,Apple,Mac,OS X,CoreGraphics,integer overflow,
CVE-2007-0752,Apple,Mac,OS X,PPP daemon,privilege escalation,
CVE-2006-5681,Apple,Mac OS X,information disclosure,unsigned Java applets,Quicktime,
CVE-2008-2306,Apple,Safari,Internet Explorer,IE,security zones,
CVE-2006-3459,Apple,Mac OS X,AppKit,ImageIO,stack buffer overflow,
CVE-2008-1019,Apple,Quicktime,heap buffer overflow,PICT records,unexpected application termination,
CVE-2008-1015,Apple,Quicktime,buffer overflow,data reference atoms,maliciously crafted movie,
CVE-2008-1014,Apple,Quicktime,information disclosure,QuickTime movies,external URLs,
CVE-2008-1011,Apple,Safari,WebKit,xss,cross-site scripting,
CVE-2008-1010,Apple,Safari,WebKit,buffer overflow,arbitrary code execution,
CVE-2003-0880,Apple,Mac OS X,Dock functions,Screen Effects,Full Keyboard Access,
CVE-2007-6238,Apple,QuickTime,RTSP,Content-type,stack buffer overflow,
CVE-2003-0881,Apple,Mac OS X,Mail application,MD5,CRAM-MD5,
CVE-2003-0883,Apple,Mac OS X,secure Preferences Panes,administrator password,
CVE-2005-2743,Apple,Macintosh,OS X,QuickTime,Java,
CVE-2003-0049,Apple,CAN-2003-0049,apple,mac macintosh,osx,afp,
CVE-2008-1579,Apple,Wiki Server,information disclosure,nonexistent blog,
CVE-2008-1577,Apple,Pixlet Video,memory corruption issue,Pixlet codec,arbitrary code execution,
CVE-2007-3185,Apple,Safari,Windows,DoS,denial of service,
CVE-2010-1797,Apple,iOS,Security Bypass,PDF,File Processing,
CVE-2002-0376,Apple,Quicktime,buffer overflow,long string of characters,pluginspage parameter,
CVE-2007-3752,Apple,iTunes,buffer overflow,music files,album cover art,
CVE-2005-4504,Apple,Macintosh,MacOS,DoS,KHTML,
CVE-2001-0102,Apple,Macintosh,Mac,OS 9,Multiple Users,
CVE-2006-3462,Apple,Mac OS X,buffer overflow,TIFF NeXT RLE decoder,AppKit,
CVE-2008-1033,Apple,CUPS,information disclosure,password-protected printers,debug logging enabled,
CVE-2008-1032,Apple,CoreTypes,content types,Automator,Help,
CVE-2008-1031,Apple,CoreGraphics,arbitrary code execution,unexpected application termination,PDF files,
CVE-2008-1030,Apple,CoreFoundation,integer overflow,CFData objects,CFDataReplaceBytes,
CVE-2008-1036,Apple,International Components,Unicode,xss,cross-site scripting,
CVE-2008-1034,Apple,Help Viewer,buffer overflow,integer overflow,help:topic URLs,
CVE-2004-1087,Apple,Terminal,Secure Keyboard Entry,
CVE-2004-1084,Apple,OSX,Darwin,HFS+,arbitrary file access,
CVE-2009-0733,Apple,Quick Look Server,Preview,Leopard,NULL pointer dereference,
CVE-2005-2515,Apple,Mac OS X,QuartzComposerScreenSaver,displayed links,RSS Visualizer,
CVE-2004-0516,Apple,Mac OS X,package installation scripts,
CVE-2009-0950,Apple,itunes,pre-dislcosure advisory,stack buffer overflow,denial of service,
CVE-2008-0049,Apple,AppKit,arbitrary code execution,bootstrap namespace,NSApplication,
CVE-2008-0048,Apple,AppKit,stack buffer overflow,NSDocument API,
CVE-2008-0041,Apple,Mac,OS X,information disclosure,unblock website,
CVE-2008-0043,Apple,iPhoto,arbitrary code execution,format string vulnerability,photocast,
CVE-2008-0045,Apple,AFP Server,unauthorized access,Kerberos principal realm names,
CVE-2008-0046,Apple,Application Firewall,
CVE-2007-3742,Apple,WebKit,IDN,URI obfuscation,International Domain Name,
CVE-2007-3745,Apple,Mac OS X,CoreAudio,arbitrary memory freeing,arbitrary code execution,
CVE-2003-0198,Apple,Mac OS X,DropBox folder,permissions,
CVE-2006-1985,Apple,Macintosh,MacOS,BOMStackPop(),BOMArchiveHelper,
CVE-2007-0022,Apple,Mac,OS X,arbitrary program execution,System Preferences,
CVE-2007-0023,Apple,Mac,OS X,privilege escalation,UserNotificationCenter,
CVE-2007-0021,Apple,iChat,format string,AIM,URI scheme,
CVE-2008-1589,Apple,Safari,information disclosure,certificates,
CVE-2008-1588,Apple,Safari,Unicode ideographics spaces,URL,address bar,
CVE-2008-1583,Apple,QuickTime,heap buffer overflow,PICT images,
CVE-2008-1582,Apple,QuickTime,memory corruption,AAC-encoded media content,
CVE-2008-1581,Apple,QuickTime,heap buffer overflow,PixData structures,PICT image,
CVE-2008-1580,Apple,CFNetwork,information disclosure,Safari SSL client certificates,
CVE-2008-1585,Apple,QuickTime,arbitrary code execution,file: URLs,apple_quicktime_7.5,
CVE-2008-1584,Apple,QuickTime,stack buffer overflow,Indeo video codec,
CVE-2007-6276,Apple,VPN,divide by zero,virtual private network daemon,load balancing information,
CVE-2006-3509,Apple,AirPort,buffer overflow,wireless driver,API,
CVE-2006-3508,Apple,AirPort,wireless driver,heap buffer overflow,crash,
CVE-2006-3502,Apple,Mac OS X,ImageIO,arbitrary code execution,GIF image,
CVE-2006-3504,Apple,Mac OS X,LaunchServices,JavaScript execution,local domain,
CVE-2008-0988,Apple,libc,DoS,denial of service,Libsystem strnstr(3) implementation,
CVE-2008-0989,Apple,mDNSResponder,format string error,mDNSResponderHelper,DoS,
CVE-2008-0987,Apple,Image Raw,stack based buffer overflow,Adobe Digital Negative (DNG) image files,
CVE-2008-3950,Apple,iPhone,Safari,alert() JavaScript Method,Denial of Service,
CVE-2006-6062,Apple,Mac,OS X,DoS,denial of service,
CVE-2006-6061,Apple,Mac OS,X,memory corruption,arbitrary code execution,
CVE-2008-3635,Apple,QuickTime,Indeo v3.2 codec,stack-based buffer overflow,arbitrary code execution,
CVE-2003-0882,Apple,Mac,OS X,TCP timestamp,constant number,
CVE-2005-3706,Apple,Mac OS X,LibSystem,DoS,denial of service,
CVE-2007-0725,Apple,AirPort,buffer overflow,arbitrary code execution,control commands,
CVE-2007-0724,Apple,Mac OS X,information disclosure,controls,IOKit,
CVE-2007-2405,Apple,PDFKit,integer underflow,arbitrary code execution,PDF,
CVE-2007-2401,Apple,WebCore,XMLHttpRequest,cross-site scripting,xss,
CVE-2007-0710,Apple,iChat Agent,DoS,denial of service,TXT key hashes,
CVE-2007-4679,Apple,CFNetwork,privilege escalation,crafted,FTP PASV commands,
CVE-2007-4673,Apple,QuickTime,arbitrary code execution,crafted QTL file,Quicktime,
CVE-2007-4672,Apple,QuickTime,Uncompressedfile,Opcode,stack buffer verflow,
CVE-2007-4671,Apple,iPhone,Safari,WebCore,HTTP,
CVE-2007-4677,Apple,QuickTime,heap buffer overflow,color table atom,
CVE-2007-4676,Apple,QuickTime,PICT image processing,heap buffer overflow,
CVE-2007-4675,Apple,QuickTime,heap buffer overflow,atoms,QVTR movie files,
CVE-2007-4674,Apple,Quicktime,arbitrary code execution,crafted movie file,integer arithmetic error,
CVE-2005-3704,Apple,Macintosh,OSX,syslog,unauthorized data modification,
CVE-2005-3707,Apple,QuickTime,buffer overflow,integer overflow,integer underflow,
CVE-2005-3702,Apple,Safari,unauthorized file creation,download directory,overlong filename,
CVE-2005-3703,Apple,Macintosh,Safari,spoofing,JavaScript,
CVE-2007-2406,Apple,Quartz Composer,uninitialized object pointer,arbitrary code execution,apple_2007-007,
CVE-2007-2404,Apple,Mac OS X,CFNetwork,HTTP response splitting,HTTP responses,
CVE-2007-2402,Apple,QuickTime for Java,information disclosure,malicious website,capture client screen contents,
CVE-2007-2403,Apple,Mac OS X,CFNetwork,arbitrary FTP command execution,FTP URIs,
CVE-2007-2400,Apple,Safari,race condition,JavaScript,redirected page,
CVE-2007-2408,Apple,Safari,WebCore,arbitrary java applet execution,Enable Java,
CVE-2007-2409,Apple,Mac OS X,WebCore,information disclosure,pop-up windows,
CVE-2007-5853,Apple,Mac,OS X,IO Storage Family,DoS,
CVE-2007-5856,Apple,Mac,OS X,Quick Look,information disclosure,
CVE-2007-5857,Apple,Mac,OS X,Quick Look,URL,
CVE-2006-1984,Apple,Macintosh,MacOS,_cg_TIFFSetField(),DoS,
CVE-2007-0614,Apple,iChat,Bonjour,DoS,denial of service,
CVE-2003-0055,Apple,Darwin,Quicktime,Streaming Administration Server,buffer overflow,
CVE-2007-0464,Apple,CFNetwork,DoS,denial of service,HTTP response,
CVE-2005-1728,Apple,Mac OS X,MCX Client,Portable Home Directory credentials,local system users,
CVE-2004-0825,Apple,QuickTime Streaming Server,DoS,denial of service,
CVE-2004-0822,Apple,Mac OS X,CoreFoundation,environment variable,buffer overflow,
CVE-2004-0821,Apple,Mac OSX,CoreFoundation,CFPlugIn,privilege escalation,
CVE-2005-2340,Apple,Mac,QuickTime,buffer overflow,arbitrary code execution,
CVE-2005-1720,Apple,Mac OS X,AppleFileServer,AFP,ACL,
CVE-2005-1721,Apple,Mac OS X,AppleFileServer,AFP,buffer overflow,
CVE-2005-1722,Apple,Mac OS X,DoS,denial of service,malformed PDF document,
CVE-2005-1723,Apple,Mac OS X,LaunchServices,unsafe file extensions,
CVE-2005-1724,Apple,Mac OS X,NFS,network file system,-network,
CVE-2005-1725,Apple,Mac OS X,privilege escalation,setuid program,launchd,
CVE-2005-1726,Apple,Mac OS X,CoreGraphics Windows Server,privilege escalation,launch commands,
CVE-2005-1727,Apple,Mac OS X,race condition,system cache folder,Dashboard system widgets,
CVE-2007-3482,Apple,Safari,document.domain property overwrite,Same Origin Policy Violation,
CVE-2006-1552,Apple,OSX,ImageIO,DoS,EXIF,
CVE-2005-2752,Apple,Macintosh,OS X,information disclosure,uninitialized memory,
CVE-2005-2754,Apple,Quick Time,integer overflow,.mov,video,
CVE-2006-6292,Apple,Airport Extreme,DoS,denial of service,beacon frames,
CVE-2006-6130,Apple,Mac OS X,AppleTalk,DoS,denial of service,
CVE-2008-2540,Apple,Safari,arbitrary code execution,Windows desktop,handling executables,
CVE-2003-1010,Apple,Mac OS X,fs_usage,
CVE-2003-1011,Apple,Mac OS X,local root access,boot time,Ctrl + C,
CVE-2005-2519,Apple,Mac OS X,slpd,privilege escalation,insecure root-owned,
CVE-2005-2512,Apple,Mac OS X,Mail.app,remote images,HTML emails,
CVE-2005-2510,Apple,Mac OS X,firewall rules,Active Rules,multiple subnets,
CVE-2005-2511,Apple,Mac OS X,authentication bypass,2005-007,
CVE-2005-2516,Apple,Safari,arbitrary command execution,normal browser security checks,rendering rich text content,
CVE-2005-2514,Apple,Mac,OS X,ping utility,buffer overflow,
CVE-2006-1986,Apple,Macintosh,MacOS,KWQListIteratorImpl,DoS,
CVE-2007-4683,Apple,Kernel,directory traversal,chroot mechanism,relative path,
CVE-2007-2387,Apple,Xserve,Lights-Out Management Firmware,privilege escalation,ipmitool,
CVE-2007-2386,Apple,Mac,OS X,mDNSResponder,buffer overflow,
CVE-2007-2389,Apple,QuickTime,Java,information disclosure,Java applet,
CVE-2007-2388,Apple,QuickTime,Java,arbitrary code execution,Java applet,
CVE-2005-1933,Apple,Mac,OSX,Tiger,Dashboard,
CVE-2005-4217,Apple,Perl,Interpreter,privilege escalation,switch user accounts,
CVE-2007-3876,Apple,mount_smbfs,smbfs,stack buffer overflow,arbitrary code execution,
CVE-2004-0168,Apple,Mac OS X,CoreFoundation,notification logging,
CVE-2004-0169,Apple,Quicktime/Darwin Streaming Server,DoS,DESCRIBE,User-Agent,
CVE-2004-0166,Apple,Mac OS X,Safari,display URL,status bar,
CVE-2004-0167,Apple,Mac OS X,DiskArbitration,initialize writeable removable media,
CVE-2004-0165,Apple,Mac OS X,Point-to-Point Protocol daemon,pppd,vslprintf(),
CVE-2005-0969,Apple,Mac,OS X,properly validate,input parameter list,
CVE-2004-1021,Apple,iCal,alarms,
CVE-2004-0962,Apple,Remote Desktop Client,arbitrary code execution,Fast User Switching,loginwindow,
CVE-2005-2518,Apple,Mac OS X,servermgrd,buffer overflow,authentication,
CVE-2005-4092,Apple,QuickTime,buffer overflow,arbitrary code execution,media file,
CVE-2001-0649,Apple,MacOS,Personal Web Sharing,PWS,DoS,
CVE-2007-3751,Apple,QuickTime,Java,elevated privileges,untrusted applets,
CVE-2007-3750,Apple,QuickTime,heap buffer overflow,Sample Table Sample Descriptor atoms,STSD,
CVE-2008-3608,Apple,ImageIO,memory corruption error,ICC profiles,JPEG images,
CVE-2008-3609,Apple,Kernel,cached credentials,vnode,information disclosure,
CVE-2007-3754,Apple,iPhone,Mail,SSL mail server,man-in-the-middle,
CVE-2008-0990,Apple,notifyd,DoS,denial of service,Mach port death,
CVE-2005-1343,Apple,Mac OS X,buffer overflow,vpnd,apple_security_update_2005_005,
CVE-2005-1340,Apple,Mac OS X Server Admin,HTTP,
CVE-2005-2746,Apple,Macintosh,OS X,Mail.app,information disclosure,
CVE-2007-5863,Apple,Software Update,man in the middle,distribution definition file,allow-external-scripts,
CVE-2005-2741,Apple,Macintosh,OS X,Authorization Services,privilege escalation,
CVE-2006-3465,Apple,Mac OS X,buffer overflow,TIFF tag handling,AppKit,
CVE-2006-3461,Apple,Mac OS X,buffer overflow,TIFF PixarLog decoder,AppKit,
CVE-2007-3760,Apple,iPhone,Safari,WebCore,xss,
CVE-2004-0430,Apple,Mac OS X,AppleFileServer,AFP,buffer overflow,
CVE-2004-0431,Apple,QuickTime,integer overflow,Sample-to-Chunk,stsc,
CVE-2007-4699,Apple,WebKit,arbitrary key access,private keys,keychain,
CVE-2007-4698,Apple,WebCore,xss,cross-site scripting,JavaScript events,
CVE-2007-4691,Apple,Mac,OS X,NSURL,validate,
CVE-2007-4690,Apple,Mac,OS X,NFS,DoS,
CVE-2007-4693,Apple,Mac,OS X,screen lock,apple_2007_008,
CVE-2007-4692,Apple,Mac,OS X,Safari,information disclosure,
CVE-2007-4695,Apple,WebCore,HTML form fields,apple_2007_008,
CVE-2007-4694,Apple,WebCore,information disclosure,arbitrary file access,file://,
CVE-2007-4697,Apple,WebCore,memory corruption,arbitrary code execution,history,
CVE-2007-4696,Apple,WebCore,information disclosure,forms,page transitions,
CVE-2006-4396,Apple,Mac,OS X,Apple Type Services,ATS,
CVE-2006-6127,Apple,Mac OS X,DoS,denial of service,kqueue,
CVE-2007-3748,Apple,iChat,buffer overflow,arbitrary code execution,UPnP IGD,
CVE-2008-3628,Apple,QuickTime,invalid pointer error,PICT images,arbitrary code execution,
CVE-2008-3629,Apple,QuickTime,out-of-bounds read issue,PICT images,arbitrary code execution,
CVE-2008-3621,Apple,VideoConference,memory corruption error,H.264 encoded media,unexpected application termination,
CVE-2008-3622,Apple,Wiki Server,mailing list archive,JavaScript code,
CVE-2008-3624,Apple,QuickTime,heap-based buffer overflow,panorama atoms,QTVR movie files,
CVE-2008-3625,Apple,QuickTime,stack-based buffer overflow,panorama atoms,QTVR movie files,
CVE-2008-3626,Apple,QuickTime,memory corruption issue,STSZ atoms,movie files,
CVE-2008-3627,Apple,QuickTime,memory corruption errors,H.264 encoded movie files,arbitrary code execution,
CVE-2007-5860,Apple,Spin Tracer,insecure file operation,arbitrary code execution,apple-2007-009,
CVE-2006-6126,Apple,Mac,OS X,memory corruption,Mach-O,
CVE-2006-6129,Apple,Mac OS X,memory corruption,arbitrary code execution,Universal Binaries,
CVE-2006-1471,Apple,Mac,OS X,launchd,format string vulnerability,
CVE-2006-1470,Apple,Mac,OS X,Open Directory server,DoS,
CVE-2006-1473,Apple,Mac OS X,AFP server,integer overflow,DoS,
CVE-2006-1472,Apple,Mac OS X,AFP server,information disclosure,file,
CVE-2005-2750,Apple,Macintosh,OS X,Software Update,
CVE-2005-2751,Apple,Macintosh,OS X,memberd,information disclosure,
CVE-2007-5849,Apple,Mac,OS X,CUPS,DoS,
CVE-2007-5848,Apple,Mac,OS X,CUPS,buffer overflow,
CVE-2005-0712,Apple,Mac OS X,privilege escalation,folder permissions,race condition,
CVE-2005-0716,Apple,Mac OS X,Core Foundation,buffer overflow,CF_CHARSET_PATH,
CVE-2005-0715,Apple,Mac OS X,AFP,AppleFileServer,information disclosure,
CVE-2006-1458,Apple,Quicktime,integer overflow,DoS,arbitrary code execution,
CVE-2006-1453,Apple,Mac,OS X,QuickDraw,arbitrary code execution,
CVE-2006-1452,Apple,OS X,Preview,buffer overflow,arbitrary code execution,
CVE-2006-1450,Apple,OS X,Mail,arbitrary code execution,enriched text,
CVE-2006-1457,Apple,Macintosh,OS X,Safari,arbitrary code execution,
CVE-2006-1456,Apple,Quicktime,buffer overflow,arbitrary code execution,RTSP request,
CVE-2006-1455,Apple,Quicktime,DoS,missing movie track,apple-2006-003,
CVE-2006-1454,Apple,Quicktime,arbitrary code execution,PICT image,malformed image data,
CVE-2008-2325,Apple,QuickLook,memory corruption,Microsoft Office files,unexpected application termination,
CVE-2008-2329,Apple,Directory Services,information disclosure issue,Login Window,Active Directory,
CVE-2003-0913,Apple,Mac OS X,Terminal application,unauthorized access to system,
CVE-2003-0518,Apple,Mac OSX,screensaver,long string of characters,
CVE-2005-2755,Apple,Quick Time,DoS,denial of service,
CVE-2005-2756,Apple,Quick Time,arbitrary code execution,specially crafted PICT picture file,
CVE-2006-4410,Apple,Mac,OS X,Security Framework,revoked certificates,
CVE-2007-0586,Apple,Mac,OS X,kernel,
CVE-2005-0488,Apple,information disclosure,telnet client,NEW-ENVIRON,input validation error,
CVE-2007-5450,Apple,iPhone,arbitrary code execution,crafted TIFF image,
CVE-2006-1439,Apple,OS X,AppKit,information disclosure,secure text field,
CVE-2007-0117,Apple,Mac,OS X,privilege escalation,BOM,
CVE-2008-2308,Apple,Alias Manager,memory corruption,AFP volume mount information,alias data structure,
CVE-2008-2303,Apple,Safari,signedness issue,Javascript array indices,out-of-bounds memory access,
CVE-2008-2304,Apple,Xcode tools,Core Image,Fun House,buffer overflow,
CVE-2005-0903,Apple,QuickTime,jpeg,DoS,denial of service,
CVE-2008-2322,Apple,CoreGraphics,integer overflow,PDF files,heap buffer overflow,
CVE-2008-2323,Apple,Data Detectors Engine,DoS,denial of service,maliciously crafted messages,
CVE-2007-4267,Apple,Mac,OS X,AppleTalk,DoS,
CVE-2007-4268,Apple,Mac,OS X,AppleTalk,buffer overflow,
CVE-2007-4269,Apple,AppleTalk,integer overflow,arbitrary code execution,ASP messages,
CVE-2008-2321,Apple,CoreGraphics,memory corruption,arguments,unexpected application termination,
CVE-2004-0539,Apple,Mac OS X,Safari,Finder,Show in Finder,
CVE-2004-0538,Apple,Mac OS X,LaunchServices,
CVE-2007-0712,Apple,QuickTime,Mac OS X,Microsoft,Vista,
CVE-2007-0713,Apple,Quicktime,Mac OS X,Microsoft,Vista,
CVE-2007-0714,Apple,Quicktime,Mac OS X,Windows Vista,XP,
CVE-2007-0345,Apple,Mac,OS X,privilege escalation,/Applications,
CVE-2007-0344,Apple,Colloquy,format string,IRC,INVITE,
CVE-2006-4388,Apple,QuickTime,DoS,denial of service,buffer overflow,
CVE-2006-4389,Apple,QuickTime,arbitrary code execution,FlashPix file,uninitialized object,
CVE-2006-4384,Apple,QuickTime,DoS,denial of service,buffer overflow,
CVE-2006-4385,Apple,QuickTime,DoS,denial of service,buffer overflow,
CVE-2006-4386,Apple,QuickTime Player,remote integer overflow,H.264 Codec,QuickTime_713,
CVE-2006-4387,Apple,Mac OS X,unauthorized accounts,WebObjects applications,System Preferences,
CVE-2006-4382,Apple,QuickTime,DoS,denial of service,buffer overflow,
CVE-2003-0270,Apple,AirPort Base Station,weak encryption algorithm,authentication credentials,
CVE-2001-0198,Apple,QuickTime,QT,Japanese,
CVE-2005-2195,Apple,QuickTime,Darwin Streaming Server,DoS,denial of service,
CVE-2006-0388,Apple,Safari,remote web sites,redirect,HTTP redirection,
CVE-2006-0389,Apple,Syndication,cross-site scripting,css,JavaScript code,
CVE-2006-0382,Apple,Mac OS X,DoS,denial of service,undocumented system call,
CVE-2006-0383,Apple,Mac OS X,VPN,virtual private network,remote,
CVE-2006-0384,Apple,Mac OS X,DoS,denial of service,arbitrary code execution,
CVE-2006-0386,Apple,Mac OS X,user directories,permit access,mounted unsafely,
CVE-2005-2753,Apple,Quick Time,integer overflow,Pascal,
CVE-2005-2757,Apple,Macintosh,OSX,CoreFoundation,DoS,
CVE-2007-4709,Apple,Mac,OS X,CFNetwork,directory traversal,
CVE-2007-4708,Apple,Mac,OS X,Address Book,DoS,
CVE-2005-1408,Apple,Keynote,information disclosure,keynote: URI handler,
CVE-2007-4701,Apple,WebKit,information disclosure,temporary files,PDF,
CVE-2007-4700,Apple,WebKit,arbitrary TCP ports,apple_2007_008,
CVE-2007-4707,Apple,QuickTime,Flash media handler,multiple vulnerabilities,
CVE-2007-4706,Apple,QuickTime,heap buffer overflow,QTL file,
CVE-2007-4704,Apple,Application Firewall,settings changes,
CVE-2006-5710,Apple,AirPort,remote memory corruption,driver,apple-2006-007,
CVE-2009-2822,Apple,AirPort,
CVE-2007-0754,Apple,QuickTime,heap overflow,parse,STSD,
CVE-2007-0753,Apple,Mac,OS X,VPN,privilege escalation,
CVE-2008-1018,Apple,Quicktime,heap buffer overflow,chan atoms,maliciously crafted movie file,
CVE-2008-1017,Apple,Quicktime,heap buffer overflow,crgn atoms,unexpected application termination,
CVE-2008-1013,Apple,Quicktime,information disclosure,arbitrary code execution,QT Java,
CVE-2008-1012,Apple,AirPort Extreme Base Station,DoS,denial of service,AFP requests,
CVE-2003-0053,Apple,Darwin,Quicktime,Streaming Administration Server,parse_xml.cgi,
CVE-2003-0052,Apple,Darwin,Quicktime,Streaming Administration Server,directory traversal,
CVE-2003-0422,Apple,QuickTime,Darwin,Streaming Server,DoS,
CVE-2003-0050,Apple,Darwin,Quicktime,Streaming Administration Server,unvalidated input,
CVE-2004-0513,Apple,Mac OS X,NFS volume,+rx,ktrace,
CVE-2004-0515,Apple,Mac OS X,LoginWindow,console log files,
CVE-2004-0514,Apple,Mac OS X,privilege escalation,Directory Services,
CVE-2004-0518,Apple,Mac OS X,AppleFileServer,SSH,
CVE-2007-0162,Apple,Mac,OS X,privilege escalation,Application Enhancer,
CVE-2005-1248,Apple,iTunes,buffer overflow,MPEG-4,
CVE-2007-0738,Apple,Mac OS X,Login Window,authentication bypass,require a password to wake the computer from sleep,
CVE-2007-0739,Apple,Mac OS X,Login Window,authentication bypass,software update,
CVE-2007-0732,Apple,CarbonCore,CoreServices daemon,arbitrary code execution,Mach task port,
CVE-2007-0733,Apple,Mac OS X,ImageIO,memory corruption,arbitrary code execution,
CVE-2007-0730,Apple,Mac OS X,Server Manager,authentication credentials,apple_2007-003,
CVE-2007-0731,Apple,Mac OS X,Samba module,stack,buffer overflow,
CVE-2007-0736,Apple,Mac OS X,Libinfo,integer overflow,RPC library,
CVE-2007-0737,Apple,Mac OS X,Login Window,privilege escalation,environment variables,
CVE-2007-0734,Apple,AirPort,Extreme,Base,Station,
CVE-2007-0735,Apple,Mac OS X,Libinfo,DoS,denial of service,
CVE-2005-2508,Apple,Mac OS X,Directory Services,dsidentity tool,non-administrative users,
CVE-2006-3505,Apple,Mac OS X,WebKit,arbitrary code execution,malicious website,
CVE-2005-2502,Apple,Mac OS X,AppKit,buffer overflow,arbitrary code execution,
CVE-2005-2505,Apple,Mac OS X,CoreFoundation,buffer oveflow,arbitrary code execution,
CVE-2005-2504,Apple,Mac OS X,Bluetooth,incorrect security settings,authentication bypass,
CVE-2006-4400,Apple,Mac,OS X,Apple Type Services,ATS,
CVE-2003-0171,Apple,Mac OS X,DirectoryService,full path,touch,
CVE-2008-2307,Apple,Safari,memory corruption issue,JavaScript arrays,WebKit,
CVE-2003-0242,Apple,Mac OS X,IPSec mechanism,incoming security policies,port,
CVE-2007-0711,Apple,QuickTime,Microsoft,Vista,XP,
CVE-2007-0715,Apple,Quicktime,Mac OS X,Microsoft,Vista,
CVE-2007-0716,Apple,QuickTime,Mac OS X,Microsoft,Vista,
CVE-2007-0717,Apple,QuickTime,Mac OS X,Microsoft,Vista,
CVE-2007-0718,Apple,QuickTime,Microsoft,Vista,XP,
CVE-2007-0719,Apple,ColorSync,stack overflow,DoS,denial of service,
CVE-2003-0054,Apple,Darwin,Quicktime,Streaming Administration Server,cross-site scripting,
CVE-2003-0051,Apple,Darwin,Quicktime,Streaming Administration Server,path disclosure,
CVE-2005-0713,Apple,linpha,arbitrary command execution,linpha.log,arbitrary file upload,lang parameter,
CVE-2006-4393,Apple,Mac OS X,information disclosure,Kerberos tickets,Fast User Switching,
CVE-2006-4392,Apple,Mac OS X,privilege escalation,arbitrary code execution,Mach exception ports,
CVE-2007-0059,Apple,Quicktime,Cross-Zone Scripting,HREFTrack,
CVE-2007-0051,Apple,iLife,iPhoto,format string,arbitrary code execution,
CVE-2006-4394,Apple,Mac OS X,security bypass,network accounts,loginwindow,
CVE-2003-0423,Apple,QuickTime,Darwin,Streaming Server,source code disclosure,
CVE-2008-1008,Apple,Safari,WebCore,xss,cross-site scripting,
CVE-2008-1006,Apple,Safari,WebCore,xss,cross-site scripting,
CVE-2008-1007,Apple,Safari,WebCore,xss,cross-site scripting,
CVE-2008-1004,Apple,Safari,WebCore,xss,cross-site scripting,
CVE-2008-1005,Apple,Safari,WebCore,information disclosure,password disclosure,
CVE-2008-1002,Apple,Safari,xss,cross-site scripting,javascript URL,
CVE-2008-1003,Apple,Safari,WebCore,xss,cross-site scripting,
CVE-2008-1001,Apple,Safari,xss,cross-site scripting,information disclosure,
CVE-2006-1459,Apple,Quicktime,integer overflow,DoS,arbitrary code execution,
CVE-2003-0426,Apple,QuickTime,Darwin,Streaming Server,default installation,
CVE-2003-0425,Apple,QuickTime,Darwin,Streaming Server,directory traversal,
CVE-2006-2238,Apple,Quicktime,buffer overflow,arbitrary code execution,BMP image,
CVE-2007-0267,Apple,Mac,OS X,DoS,denial of service,
CVE-2007-0197,Apple,Mac OS X,Finder,buffer overflow,memory corruption,
CVE-2008-1009,Apple,Safari,WebCore,xss,cross-site scripting,
CVE-2008-0038,Apple,Mac,OS X,Time Machine backup,removed applications,
CVE-2008-0039,Apple,Mac,OS X,arbitrary code execution,Mail,
CVE-2008-0036,Apple,Quicktime,arbitrary code execution,PICT image,qt012008,
CVE-2008-0037,Apple,Mac,OS X,DoS,denial of service,
CVE-2008-0031,Apple,Quicktime,arbitrary code execution,Sorenson 3,video file,
CVE-2008-0032,Apple,Quicktime,arbitrary code execution,Resource records,video file,
CVE-2008-0033,Apple,Quicktime,arbitrary code execution,Image Descriptor,(IDSC),
CVE-2008-2320,Apple,CarbonCore,stack buffer overflow,long file names,unexpected application termination,
CVE-2008-2324,Apple,Disk Utility,Repair Permissions tool,privilege escalation,emacs,
CVE-2009-0008,Apple,QuickTime,MPEG-2,Playback Component,input validation,
CVE-2005-0340,Apple,Mac OS X,AppleFileServer,buffer overflow,strncpy(),
CVE-2006-4965,Apple,QuickTime,Plug-In,websites,local resources,
CVE-2008-1024,Apple,Safari,arbitrary code execution,DoS,denial of service,
CVE-2008-1025,Apple,Safari WebKit,cross-site scripting,xss,URL,
CVE-2008-1026,Apple,Safari WebKit,arbitrary code execution,DoS,denial of service,
CVE-2008-1027,Apple,AFP Server,information disclosure,
CVE-2008-1021,Apple,Quicktime,heap buffer overflow,Animation codec content,unexpected application termination,
CVE-2008-1022,Apple,Quicktime,stack buffer overflow,obji atoms,unexpected application termination,
CVE-2008-1023,Apple,Quicktime,heap buffer overflow,Clip opcode,unexpected application termination,
CVE-2006-4403,Apple,Mac,OS X,ftpd,information disclosure,
CVE-2008-0993,Apple,Podcast Producer,information disclosure,Podcast Capture application,
CVE-2008-0997,Apple,AppKit,stack based buffer overflow,PPD files,network printer,
CVE-2008-0996,Apple,Printing,information disclosure,authenticated print queues,
CVE-2008-0995,Apple,Printing,information disclosure,encrypted PDF file,
CVE-2008-0994,Apple,Preview,information disclosure,encrypted PDF files,
CVE-2008-0999,Apple,UDF file system,null pointer dereference,
CVE-2008-0998,Apple,System Configuration,arbitrary code execution,maliciously crafted message,NetCfgTool,
CVE-2007-3186,Apple,Safari,Windows,arbitrary command execution,web content,
CVE-2005-2513,Apple,Mac OS X,HItoolbox,VoiceOver services,information disclosure,
CVE-2005-2517,Apple,Safari,information,XSL formatted page,2005-007,
CVE-2008-0058,Apple,Foundation,DoS,denial of service,NSURLConnection cache management,
CVE-2008-0059,Apple,Foundation,race condition,XML document,NSXML,
CVE-2008-0052,Apple,CoreServices,ief files,AppleWorks,
CVE-2008-0050,Apple,Safari,malicious HTTPS proxy server,
CVE-2008-0051,Apple,CoreFoundation,integer overflow,time zone data,
CVE-2008-0056,Apple,Foundation,stack buffer overflow,NSFileManager,
CVE-2008-0057,Apple,AppKit,integer overflow,parser,legacy serialization format,
CVE-2008-0054,Apple,Foundation,input validation,NSSelectorFromString API,arbitrary code execution,
CVE-2007-5850,Apple,Mac,OS X,Desktop Services,arbitrary code execution,
CVE-2007-5855,Apple,Mac,OS X,Mail,plaintext,
CVE-2004-0486,Apple,Mac,OS X,Safari,Help.app,
CVE-2008-1590,Apple,WebKit,memory corruption issue,JavaScriptCore,runtime garbage collection,
CVE-2004-0873,Apple,iChat,links,local program execution,
CVE-2005-3713,Apple,QuickTime,buffer overflow,arbitrary code execution,GIF image,
CVE-2005-3712,Apple,Mac OS X,rsync server,DoS,denial of service,
CVE-2005-3710,Apple,QuickTime,integer overflow,arbitrary code execution,DoS,
CVE-2007-2410,Apple,Mac OS X,WebCore,xss,cross-site scripting,
CVE-2005-3714,Apple,Airport Extreme,Airport Express,DoS,malformed packet,
CVE-2007-4812,Apple,Safari,buffer overflow,document.location.hash,javascript,
CVE-2006-0400,Apple,Mac OS X,JavaScript,same-origin policy,CoreTypes,
CVE-2005-1579,Apple,Mac OS X,QuickTime,Quartz Composer,information disclosure,
CVE-2006-1445,Apple,OS X,FTP,buffer overflow,arbitrary code execution,
CVE-2006-1446,Apple,OS X,Keychain,restrictions bypass,information disclosure,
CVE-2006-1447,Apple,OS X,Download Validation,arbitrary code execution,long filename extension,
CVE-2007-5847,Apple,Mac,OS X,information disclosure,CFURLWriteDataAndPropertiesToResource API,
CVE-2005-2749,Apple,Macintosh,OS X,Finder,Get Info,
CVE-2005-2748,Apple,Macintosh,OS X,information disclosure,unauthorized data modification,
CVE-2005-2747,Apple,Macintosh,OS X,imageio,buffer overflow,
CVE-2005-2745,Apple,Macintosh,OS X,Mail.app,information disclosure,
CVE-2003-0502,Apple,QuickTime,Darwin,Streaming Server,DoS,
CVE-2006-4411,Apple,Mac,OS X,VPN server,arbitrary file access,
CVE-2006-4413,Apple,Remote Desktop,privilege escalation,insecure permissions,built-in packages,
CVE-2003-1007,Apple,Mac OS X,AppleFileServer,malformed request,
CVE-2003-1005,Apple,Mac OS X,ASN.1 decoding for PKI,
CVE-2003-1009,Apple,Mac OS X,DHCP lease,LDAP server,remote access,
CVE-2003-1008,Apple,Mac OS X,write text clipping,screensaver,screen effects,
CVE-2005-0594,Apple,Mac OS X Server,Netinfo Setup Tool,NeST,NetInfo,
CVE-2008-2317,Apple,Safari,memory corruption issue,WebCore,style sheet elements,
CVE-2005-0043,Apple,iTunes,buffer overflow,playlists,m3u,
CVE-2007-0588,Apple,QuickDraw Manager,heap,buffer overflow,arbitrary code execution,
CVE-2005-2501,Apple,Mac OS X,AppKit,buffer overflow,arbitrary code execution,
CVE-2005-2503,Apple,Mac OS X,AppKit,physical access,create additional accounts,
CVE-2005-2507,Apple,Mac OS X,Directory Services,buffer overflow,arbitrary code execution handling of authentication,
CVE-2005-2506,Apple,Mac OS X,CoreFoundation framework,DoS,denial of service,
CVE-2005-2524,Apple,Macintosh,OS X,Safari,cross-site scripting,
CVE-2005-2523,Apple,Mac OS X,Weblog Server,cross-site scripting,css,
CVE-2005-1337,Apple,Help Viewer,arbitrary file disclosure,privilege escalation,javascript,
CVE-2007-6165,Apple,Mac,OS X,Launch Services,arbitrary code execution,
CVE-2007-6166,Apple,QuickTime,RTSP,Content-type,stack buffer overflow,
CVE-2006-1444,Apple,Mac,OS X,information disclosure,assistive devices,
CVE-2004-0171,Apple,Mac OS X,process IDs,package installation,FreeBSD,
CVE-2008-1020,Apple,Quicktime,heap buffer overflow,error messages,PICT images processing,
CVE-2007-4689,Apple,Mac,OS X,DoS,denial of service,
CVE-2006-1249,Apple,QuickTime,buffer overflow,DoS,arbitrary code execution,
CVE-2005-2522,Apple,Mac OS X,WebKit,arbitrary command execution,maliciously crafted PDF file,
CVE-2005-2521,Apple,Mac OS X,traceroute utility,buffer overflow,privilege escalation,
CVE-2005-2520,Apple,Mac OS X,password assistant,password disclosure,recently-used,
CVE-2005-1333,Apple,Mac OS X,Bluetooth,directory traversal,../,
CVE-2005-1332,Apple,Mac OS X,Bluetooth,apple_security_update_2005_005,
CVE-2005-1330,Apple,AppKit,DoS,denial of service,TIFF,
CVE-2005-1336,Apple,Mac OS X,Foundation,buffer overflow,arbitrary code execution,
CVE-2005-1334,Apple,QuickTime,data disclosure,
CVE-2007-0646,Apple,Help Viewer,Safari,iMovie,iPhoto,
CVE-2007-2392,Apple,QuickTime,DoS,denial of service,arbitrary code execution,
CVE-2007-2393,Apple,QuickTime for Java,arbitrary code execution,bypass security restrictions,crafted website,
CVE-2007-2390,Apple,Mac,OS X,iChat,buffer overflow,
CVE-2007-2391,Apple,Safari,Windows,xss,cross site scripting,
CVE-2007-2397,Apple,QuickTime for Java,arbitrary code execution,crafted Java applets,QuickTime_72,
CVE-2007-2394,Apple,QuickTime,DoS,denial of service,arbitrary code execution,
CVE-2007-2395,Apple,QuickTime,memory corruption,movie file,application termination,
CVE-2006-6173,Apple,Mac,OS X,shared_region_make_private_np,buffer overflow,
CVE-2006-5679,Apple,Mac,OS X,integer overflow,arbitrary code execution,
CVE-2008-3611,Apple,Login Window,password change,
CVE-2008-3610,Apple,Login Window,race condition,Guest account,
CVE-2008-3613,Apple,Finder,null pointer dereference,remote disc,
CVE-2008-3614,Apple,QuickTime,integer overflow,PICT images,arbitrary code execution,
CVE-2008-3617,Apple,System Preferences,Remote Management,Screen Sharing,password field,
CVE-2008-3616,Apple,SearchKit,integer overflow,function,SearchKit framework,
CVE-2008-3619,Apple,Time Machine,information disclosure,Backup,backup drive,
CVE-2007-2396,Apple,QuickTime for Java,arbitrary code execution,JDirect,load arbitrary files,
CVE-2007-2398,Apple,Safari,Beta 3.0.1,Windows,spoofing,
CVE-2005-2739,Apple,Macintosh,OS X,Keychain Access,information disclosure,
CVE-2003-0878,Apple,Mac OS X,slpd daemon,insecure temporary files,
CVE-2003-0871,Apple,Quicktime,Java,
CVE-2008-1028,Apple,AppKit,arbitrary code execution,application termination,document files,
CVE-2006-3497,Apple,Mac OS X,Bom,DoS,denial of service,
CVE-2004-0429,Apple,MAC OS X,RAdmin,
CVE-2004-0428,Apple,MAC OS X,CoreFoundation,privilege escalation,
CVE-2005-3700,Apple,Mac,OSX,iodbcadmintool,arbitrary command execution,
CVE-2005-3701,Apple,Macintosh,OSX,passwordserver,privilege escalation,
CVE-2008-1578,Apple,Single Sign-On,information disclosure,passwords,sso_util,
CVE-2008-1572,Apple,Image Capture,privilege escalation,insecure file operation,
CVE-2008-1573,Apple,ImageIO,information disclosure,BMP image decoding engine,GIF image decoding engine,
CVE-2008-1571,Apple,Image Capture,embedded web server,information disclosure,maliciously crafted URL,
CVE-2008-1576,Apple,Mail,information disclosure,uninitialized buffer issue,SMTP server,
CVE-2008-1574,Apple,ImageIO,heap-based buffer overflow,JPEG2000 image files,integer overflow,
CVE-2008-1575,Apple,ATS,memory corruption,Apple Type Service server,embedded fonts,
CVE-2006-4397,Apple,Mac OS X,information disclosure,Kerberos tickets,loginwindow,
CVE-2008-0040,Apple,Mac,OS X,DoS,denial of service,
CVE-2008-0042,Apple,Mac,OS X,arbitrary code execution,crafted web page,
CVE-2008-2309,Apple,CoreTypes,unsafe content types,.xht,.xhtm,
CVE-2007-3749,Apple,Kernel,privelege escalation,Mach thread port,thread exception port,
CVE-2007-3746,Apple,Mac OS X,CoreAudio,heap overflow,arbitrary code execution,
CVE-2007-3747,Apple,Mac OS X,CoreAudio,arbitrary memory access,arbitrary code execution,
CVE-2007-3744,Apple,mDNSResponder,buffer overflow,arbitrary code execution,UPnP IGD,
CVE-2008-3634,Apple,iTunes,misleading firewall warning dialog,
CVE-2008-3631,Apple,iPod touch,Application Sandbox,access restrictions,third-party applications,
CVE-2001-0068,Apple,MRJ,Java,CODE,APPLET,
CVE-2007-0462,Apple,Mac,OS X,QuickDraw,memory corruption,
CVE-2007-0467,Apple,crashdump,privilege escalation,symlinks,apple_2007-003,
CVE-2007-0465,Apple,Installer,Format String,DoS,denial of service,
CVE-2007-1338,Apple,AirPort,Extreme,IPv6,default,
CVE-2007-2175,Apple,Safari,0day,
CVE-2007-4688,Apple,Node Information Query mechanism,address information disclosure,apple_2007_008,
CVE-2007-4682,Apple,Mac OS X,com.apple.CoreText,Unicode,UTF-16,
CVE-2007-4680,Apple,CFNetwork,information disclosure,SSL certificates,apple_2007_008,
CVE-2007-4681,Apple,Mac,OS X,Corefoundation,DoS,
CVE-2007-4686,Apple,Kernel,integer overflow,ioctl requests,apple_2007_008,
CVE-2007-4687,Apple,tftpd,symlink,root directory,apple_2007_008,
CVE-2007-4684,Apple,Kernel,integer overflow,386_set_ldt system call,apple_2007_008,
CVE-2007-4685,Apple,Kernel,privelege escalation,setuid program,setgid program,
CVE-2006-5817,Apple,Parallels,Desktop,Mac,DHCP configuration,
CVE-2005-0976,Apple,apple,XMLHttpRequest,os x,safari,omniweb,
CVE-2005-0975,Apple,Mac OS X,specially crafted executable files,DoS,denial of service,
CVE-2005-0973,Apple,Mac OS X,properly handle values,setsockopt(),
CVE-2005-0970,Apple,Mac OS X,privilege escalation,SUID,SGID,
CVE-2007-3944,Apple,WebKit,heap overflow,arbitrary code execution,PCRE,
CVE-2007-3761,Apple,iPhone,Safari,xss,cross-site scripting,
CVE-2007-3757,Apple,iPhone,Safari,tel:,user confirmation,
CVE-2007-3756,Apple,iPhone,Safari,WebCore,information disclosure,
CVE-2003-0168,Apple,QuickTime Player,buffer overflow,long string of characters,quicktime://,
CVE-2006-1468,Apple,Mac,OS X,AFP server,information disclosure,
CVE-2006-1469,Apple,Mac,OS X,stack-based,buffer overflow,
CVE-2006-1466,Apple,OSX,WebObjects,Xcode,
CVE-2006-1467,Apple,iTunes,integer overflow,DoS,denial of service,
CVE-2006-1464,Apple,Quicktime,buffer overflow,DoS,arbitrary code execution,
CVE-2006-1465,Apple,Quicktime,buffer overflow,DoS,arbitrary code execution,
CVE-2006-1462,Apple,Quicktime,integer overflow,DoS,arbitrary code execution,
CVE-2006-1463,Apple,Quicktime,buffer overflow,DoS,arbitrary code execution,
CVE-2006-1460,Apple,Quicktime,buffer overflow,DoS,arbitrary code execution,
CVE-2006-1461,Apple,Quicktime,buffer overflow,DoS,arbitrary code execution,
CVE-2006-0848,Apple,Safari,automatically,execute shell scripts,open safe files after downloading,
CVE-2008-2332,Apple,ImageIO,memory corruption error,TIFF images,unexpected application termination,
CVE-2003-0421,Apple,QuickTime,Darwin,Streaming Server,DoS,
CVE-2003-0424,Apple,QuickTime,Darwin,Streaming Server,source code disclosure,
CVE-2005-1474,Apple,Mac,OSX,Tiger,Dashboard,
CVE-2005-1473,Apple,Mac OSX,screensaver,application access,contextual menu feature,
CVE-2008-3615,Apple,QuickTime,memory access issue,Indeo v5 codec,arbitrary code execution,
CVE-2006-4409,Apple,Mac,OS X,Security Framework,Online Certificate Status Protocol,
CVE-2006-4408,Apple,Mac,OS X,Security Framework,DoS,
CVE-2006-4402,Apple,Mac,OS X,Finder,heap overflow,
CVE-2006-4401,Apple,Mac,OS X,CFNetwork,arbitrary FTP,
CVE-2006-4407,Apple,Mac,OS X,Security Framework,Secure Transport,
CVE-2006-4406,Apple,Mac,OS X,PPP,buffer overflow,
CVE-2006-4404,Apple,Mac,OS X,Installer,apple-2006-007,
CVE-2007-5858,Apple,Safari,WebKit,cross-site scripting,xss,
CVE-2007-5859,Apple,Safari,RSS,URLs,memory corruption,
CVE-2006-3503,Apple,Mac OS X,ImageIO,integer overflow,arbitrary code execution,
CVE-2006-3501,Apple,Mac OS X,ImageIO,integer overflow,code execution,
CVE-2006-3500,Apple,Mac OS X,dyld,dynamic libraries,dynamic linker,
CVE-2006-3507,Apple,AirPort,buffer overflow,maliciously-crafted frame,wireless network,
CVE-2006-0401,Apple,Macintosh,Mac,OS X,authentication bypass,
CVE-2009-2198,Apple,garageband,information disclosure,safari,
CVE-2007-5851,Apple,Mac,OS X,iCHAT,authentication bypass,
CVE-2006-1440,Apple,Mac,OS X,directory traversal,unauthorized data modification,
CVE-2006-1441,Apple,Mac,OS X,integer overflow,arbitrary code execution,
CVE-2006-1442,Apple,Mac,OS X,arbitrary code execution,bundle registration,
CVE-2006-1443,Apple,Mac,OS X,integer underflow,arbitrary code execution,
CVE-2006-1448,Apple,Mac,OS X,arbitrary code execution,URL scheme,
CVE-2006-1449,Apple,OS X,Mail,integer overflow,arbitrary code execution,
CVE-2008-2319,Apple,Quicktime,sign extension issue,PICT images,heap buffer overflow,
CVE-2008-2318,Apple,Xcode tools,WebObjects,session ID,information disclosure,
CVE-2008-2314,Apple,Dock,security bypass,screen lock,physical access,
CVE-2008-2313,Apple,System Configuration,User Template directory,arbitrary code execution,
CVE-2008-2312,Apple,System Configuration,Network Preferences,PPP passwords,world readable file,
CVE-2008-2311,Apple,Launch Service,race condition,download validation,symbolic links,
CVE-2008-0055,Apple,Foundation,privilege escalation,NSFileManager,
CVE-2007-5854,Apple,Mac,OS X,Launch Services,cross-site scripting,
CVE-2005-2196,Apple,Airport,default WEP key,
CVE-2005-2194,Apple,Mac OS X,DoS,denial of service,TCP/IP,
CVE-2006-4391,Apple,Mac OS X,buffer overflow,code execution,apple-2006-006,
CVE-2006-4390,Apple,CFNetwork clients,unauthenticated SSL sites,Safari,apple-2006-006,
CVE-2006-4395,Apple,QuickDraw Manager,DoS,denial of service,arbitrary code execution,
CVE-2006-4399,Apple,Workgroup Manager,ShadowHash passwords,NetInfo parent,apple-2006-006,
CVE-2006-4398,Apple,Mac,OS X,Apple Type Services,ATS,
CVE-2006-0396,Apple,Mac OS X,buffer overflow,Real Name entry,arbitrary code execution,
CVE-2006-0395,Apple,Mac OS X,Tiger,Download Validation,unsafe file types,
CVE-2006-0393,Apple,Mac OS X,OpenSSH,DoS,denial of service,
CVE-2006-0391,Apple,Mac OS X,directory traversal,unpacking,archives,
CVE-2005-0125,Apple,Mac OS X,privilege escalation,at,atrm,
CVE-2005-0127,Apple,Mac OS X,information disclosure,Message-ID header,GUUID,
CVE-2005-0126,Apple,Mac OS X,buffer overflow,ICC color profile,ColorSync,
CVE-2006-0387,Apple,Safari,stack,buffer overflow,arbitrary code execution,
CVE-2005-2744,Apple,Macintosh,OS X,Quickdraw Manager,buffer overflow,
CVE-2007-0743,Apple,Macintosh,OS X,information disclosure,SMB servers,
CVE-2007-0742,Apple,Macintosh,OS X,WebFoundation,information disclosure,
CVE-2007-0741,Apple,Mac OS X,natd,buffer overflow,arbitrary code execution,
CVE-2007-0740,Apple,Mac,OS X,Alias Manager,identically-named files,
CVE-2007-0747,Apple,APPLE,Macintosh,OS X,privilege escalation,WebDAV filesystem,
CVE-2007-0746,Apple,Macintosh,OS X,DoS,denial of service,
CVE-2007-0744,Apple,Macintosh,OS X,privilege escalation,clean environment,
CVE-2007-0299,Apple,Mac,OS X,integer overflow,DMG,
CVE-2007-0749,Apple,Darwin Streaming Proxy,stack buffer overflow,RTSP requests,
CVE-2007-0748,Apple,Darwin Streaming Proxy,heap buffer overflow,RTSP requests,
CVE-2007-2296,Apple,QuickTime,DoS,denial of service,arbitrary code execution,
CVE-2007-6359,Apple,Kernel,null pointer dereference,code signatures,cs_validate_page function,
CVE-2007-2295,Apple,QuickTime,DoS denial of service,arbitrary code execution,crafted H.264 movies,
