CVE-2006-4910,Cisco,Intrusion Prevention System Management,DoS,denial of service,SSlv2 Client,
CVE-2006-5278,Cisco,Unified Communications Manager,buffer overflow,Real-Time Information Server Data Collector service,
CVE-2006-5277,Cisco,Unified Communications Manager,buffer overflow,Certificate Trust List Provider service,
CVE-2005-2025,Cisco,VPN 3000 series concentrators,information disclosure,response messages,valid group name,
CVE-2009-0057,Cisco,Unified Communications Manager,CAPF service,denial-of-service,DoS,
CVE-2009-0053,Cisco,IronPort Encryption appliance,information disclosure,pxe encryption,
CVE-2002-1024,Cisco,VU#13877,VU#945216,SSH,scan,
CVE-2002-0952,Cisco,ONS15454,optical transport platform,DoS,denial of service,
CVE-2000-1055,Cisco,Cisco Secure ACS Server,Windows NT Server,DoS,denial of service,
CVE-2000-1054,Cisco,Cisco Secure ACS Server,Windows NT Server,CSAdmin module,oversized tcp packet,
CVE-2003-0259,Cisco,VPN 3000 Concentrator,reload device,malformed SSH initialization packet,CSCdz15393,
CVE-2003-0258,Cisco,VPN 3000 Concentrator,internal host,IPsec over TCP,CSCea77143,
CVE-2007-5568,Cisco,Firewall Services Module,DoS,denial of service,MGCP application layer protocol inspection feature,
CVE-2007-5569,Cisco,PIX,DoS,denial of service,TLS,
CVE-2008-0960,Cisco,Net-SNMP,UCD-SMNP,HMAC,SNMPv3,
CVE-2006-0561,Cisco,Secure Access Control Server,ACS,information disclosure,administrator credentials,
CVE-2006-4911,Cisco,Intrusion Prevention System,evasion,fragmented IP packets,
CVE-2016-1287,Cisco,cisco,asa,IKEv1,IKEv2,buffer overflow,
CVE-2002-1558,Cisco,optical transport platform,VxWorks Operating System,username,password,
CVE-2002-1553,Cisco,optical transport platform,FTP connection,nonexistent user credentials,CSCds52295,
CVE-2002-1556,Cisco,optical transport platform,DoS,denial of service,invalid CORBA Interoperable Object Reference,
CVE-2002-1557,Cisco,optical transport platform,DoS,denial of service,HTTP request,
CVE-2007-5584,Cisco,Firewall Services Module,DoS,denial of service,Layer 7 Application Inspections,
CVE-2007-5580,Cisco,Security Agent for Windows,buffer overflow,DoS,denial of service,
CVE-2007-5581,Cisco,Unified MeetingPlace,cross site scripting,css,mpweb/scripts/mpx.dll,
CVE-2003-0512,Cisco,Aironet,AP1100,universal login error message,valid account,
CVE-2004-0044,Cisco,Personal Assistant,User ID,password,authentication,
CVE-2009-0638,Cisco,Firewall Services Module,ICMP,DoS,cisco-sa-20090819-fwsm,
CVE-2008-0027,Cisco,Unified Communications Manager,heap overflow,arbitrary code execution,denial of service,
CVE-2008-0026,Cisco,Unified Communications Manager,SQL injection,key parameter,admin,
CVE-2008-0029,Cisco,Application Velocity System,authentication bypass,default passwords,
CVE-2008-0028,Cisco,PIX,denial of service,DoS,IP packet,
CVE-2001-0741,Cisco,hsrp,dos,cisco,RFC2281,
CVE-2002-0225,Cisco,TACACS+,tac_plus,insecure permissions,accounting directive,
CVE-2005-2279,Cisco,ONS 15216 OADM,Telnet,DoS,denial of service,
CVE-2008-2441,Cisco,Secure ACS,DoS,denial of service,
CVE-2001-0375,Cisco,PIX Firewall,DoS,TACACS+,CSCdt92339,
CVE-2005-0600,Cisco,Application and Content Networking System,ACNS,DoS,denial of service,
CVE-2002-0848,Cisco,VPN 5000 Series Concentrator,RADIUS Server,password,clear text,
CVE-2001-0566,Cisco,Catalyst,2900XL,DoS,UDP,
CVE-2012-5990,Cisco,network control system,XSS,cross-site scripting,input validation,
CVE-2007-5468,Cisco,CallManager,session hijack,information disclosure,SIP messages,
CVE-2001-0080,Cisco,Catalyst,SSH,3DES,protocol,
CVE-2003-0260,Cisco,VPN 3000 Concentrator,DoS,denial of service,malformed ICMP packet,
CVE-2009-1163,Cisco,cisco,security advisory,physical access gateway,dos,denial of service,
CVE-2005-0601,Cisco,Application and Content Networking System,ACNS,default admin credentials,
CVE-2001-1210,Cisco,ubr900 series routers,cable router,read/write access,RW access,
CVE-2001-0622,Cisco,CSS,ArrowPoint,CSCdu20931,
CVE-2001-0621,Cisco,CSCdt64682,Content Service Switch,CSS,11000,
CVE-2007-4284,Cisco,MeetingPlace,xss,cross-site scripting,FTPL,
CVE-2006-4097,Cisco,Secure,Access Control Server,ACS,CSRadius,
CVE-2006-4098,Cisco,Secure,Access Control Server,ACS,stack-based buffer overflow,
CVE-2003-0511,Cisco,Aironet AP 1100,DoS,denial of service,crafted HTTP request,
CVE-2007-0961,Cisco,Firewall Services Module,FWSM,DoS. denial of service,SIP messages,
CVE-2010-1577,Cisco,Content Delivery,Internet Streamer,Directory Traversal,
CVE-2009-0632,Cisco,Unified Communications Manager,IP Phone,Personal Address Book Synchronizer,Privilege Escalation,
CVE-2007-4634,Cisco,CallManager,Unified Communications Manager,XSS,cross-site scripting,
CVE-2007-4633,Cisco,CallManager,Unified Communications Manager,XSS,cross-site scripting,
CVE-2007-4632,Cisco,IOS,authorization bypass,Secure Copy,
CVE-2013-5530,Cisco,Identity Services Engine,privilege escalation,command injection,CWE-20,
CVE-2002-0954,Cisco,PIX,firewall,weak encryption algorithm,enable,
CVE-2001-0041,Cisco,Catalyst,telnet,telnetd,memory leak,
CVE-2006-4950,Cisco,privilege escalation,Data Over Cable Service Interface Specification,DOCSIS,
CVE-2001-0020,Cisco,CSCdt12748,Arrowpoint,CSS,CSS 11050,
CVE-2005-3482,Cisco,Airespace,Lightweight Access Point Protocol,LWAPP,WLAN,
CVE-2008-3814,Cisco,Unity,authentication bypass,
CVE-2008-3819,Cisco,Global Site Selector,Appliances,DNS,Domain Name System,
CVE-2008-3818,Cisco,ONS,denial of service,dos,control card,
CVE-2009-0619,Cisco,7600 Series,Router Session Border Controller,Denial of Service,DoS,
CVE-2009-0614,Cisco,Unified MeetingPlace,Web Conferencing,Authentication Bypass,
CVE-2008-2053,Cisco,Unified Customer Voice Portal,privilege escalation,
CVE-2007-2462,Cisco,PIX,ASA,remote management access,LDAP authentication server,
CVE-2007-2587,Cisco,IOS,DoS,denial of service,FTP file transfer,
CVE-2007-4293,Cisco,IOS,DoS,denial of service,voice service,
CVE-2000-0613,Cisco,PIX,Firewall,TCP,
CVE-2008-1159,Cisco,IOS,Secure Shell,DoS,denial of service,
CVE-2008-1154,Cisco,Unified Communications,Disaster Recovery Framework,DRF,command execution,
CVE-2008-1155,Cisco,Network Admission Control,shared secret,Cisco Clean Access Server,CAS,
CVE-2008-1156,Cisco,Multicast Virtual Private Network,memory leak,MVPN,cisco-sa-20080326-bundle,
CVE-2008-1157,Cisco,CiscoWorks,Internetwork Performance Monitor,remote command execution,
CVE-2008-1152,Cisco,IOS,Data-link Switching feature,DoS,denial of service,
CVE-2008-1153,Cisco,IOS,DoS,denial of service,RSVP service,
CVE-2006-5808,Cisco,Secure Desktop,privilege escalation,insecure default permissions,
CVE-2006-5806,Cisco,Secure Desktop,information disclosure,CSD vault,
CVE-2006-5807,Cisco,Secure Desktop,System Policy Evasion,
CVE-2007-4012,Cisco,Wireless LAN Controllers,DoS,Denial of service,ARP,
CVE-2007-4011,Cisco,Wireless LAN Controllers,DoS,Denial of service,ARP,
CVE-2002-0882,Cisco,IP Phone,arbitrary user,sensitive information,configuration information,
CVE-2002-0881,Cisco,IP Phone,well-known,trusted path key combination,arbitrary user,
CVE-2007-5651,Cisco,Extensible Authentication Protocol,DoS,denial of service,EAP,
CVE-2001-0414,Cisco,Conten Services Switch,CSS,CSCdt32570,Arrowpoint,
CVE-2002-1222,Cisco,Catalyst switch,HTTP server,buffer overflow,overly long GET request,
CVE-2001-0428,Cisco,VPN 3000 Concentrator,CSCds92460,
CVE-2001-0429,Cisco,Catalyst 5000,2900,CSCdt62732,STP,
CVE-2007-5537,Cisco,Unified Communications Manager,DoS,denial of service,UDP,
CVE-2002-1554,Cisco,optical transport platform,username,password,clear text,
CVE-2002-1555,Cisco,optical transport platform,public SNMP community string,CSCdv62307,
CVE-2002-0908,Cisco,IDS Event Viewer,../,dot dot slash,
CVE-2001-0444,Cisco,CBOS,show nat,sh nat,
CVE-2010-1574,Cisco,Ethernet 3000,SNMP Community Names,scada,
CVE-2007-2282,Cisco,NetFlow Collection Engine,authentication bypass,information disclosure,known default passwords,
CVE-2007-5571,Cisco,Firewall Services Module,DoS,denial of service,altered access control lists,
CVE-2007-5570,Cisco,Firewall Services Module,DoS,denial of service,crafted HTTP request,
CVE-2007-5381,Cisco,IOS,Line Printer Daemon,lpd,buffer overflow,
CVE-1999-0158,Cisco,pix firewall manager,cisco,
CVE-2002-0769,Cisco,ATA-186,Analog Telephone,device configuration,one character,
CVE-2007-5538,Cisco,Unified Communications Manager,DoS,denial of service,buffer overflow,
CVE-2005-2241,Cisco,CallManager,time out,RISDC,Realtime Information Server Data Collection,
CVE-2005-2244,Cisco,CallManager,DoS,denial of service,aupair service,
CVE-2004-0551,Cisco,CatOS,TCP-ACK,DoS,denial of service,
CVE-2005-2242,Cisco,CallManager,allocate 500MB,memory,ccm.exe,
CVE-2005-2243,Cisco,CallManager,Admin Service Tool,login handling,memory leak,
CVE-2007-5134,Cisco,Catalyst 6500,Cisco 7600,loopback,Ethernet Out-of-Band Channel,
CVE-2007-0198,Cisco,DoS,denial of service,JTapi Gateway process,
CVE-2007-0199,Cisco,IOS,Data-link Switching,reload,DLSw message,
CVE-2001-0750,Cisco,CSCds07326,IOS,reload,DoS,
CVE-2000-0984,Cisco,IOS,HTTP,DoS,denial of service,
CVE-2010-3035,Cisco,IOS,XR Border Gateway,Denial of Service,
CVE-2007-2586,Cisco,IOS,FTP Server,authentication bypass,authorization,
CVE-2006-4775,Cisco,IOS,integer overflow,VTP configuration revision handling,
CVE-2006-4774,Cisco,IOS,summary packets,VLAN Trunking Protocol,VTP,
CVE-2006-4776,Cisco,IOS,heap-based buffer overflow,overly long VLAN name,VTP summary advertisement messages,
CVE-2003-0982,Cisco,ACNS,buffer overflow,authentication module,overly long password,
CVE-2014-3289,Cisco,cisco,asyncos,xss,
CVE-2006-0515,Cisco,PIX,ASA,FWSM,Websense,
CVE-2003-0567,Cisco,queue,input wedge,blocked interface,
CVE-2007-4285,Cisco,IOS,information disclosure,DoS,denial of service,
CVE-2005-4499,Cisco,PIX,VPN 3000,information disclosure,RADIUS ACL,
CVE-2004-0244,Cisco,MSFC2,layer 2 frames,layer 3 packets,FlexWAN,
CVE-2010-0593,Cisco,Small Business Video Surveillance,Security Routers,Security Bypass,
CVE-2005-3774,Cisco,PIX,DoS,denial of service,checksum,
CVE-2005-1058,Cisco,IOS,Easy VPN Server,unauthorized access,ISAKMP,
CVE-2005-1057,Cisco,IOS,Easy VPN Server,unauthorized VPN access,Xauth,
CVE-2008-2060,Cisco,Intrusion Prevention System,IPS,DoS,Jumbo Ethernet Frames,
CVE-2000-0268,Cisco,IOS,DoS,telnet,ENVIRON,
CVE-2000-0267,Cisco,Catalyst,switch,enable,unpassworded,
CVE-2000-1056,Cisco,Cisco Secure ACS Server,Windows NT Server,LDAP server,null password,
CVE-2005-0597,Cisco,Application and Content Networking System,ACNS,DoS,denial of service,
CVE-2005-0598,Cisco,Application and Content Networking System,ACNS,DoS,denial of service,
CVE-2005-0599,Cisco,Application and Content Networking System,ACNS,DoS,denial of service,
CVE-2008-1749,Cisco,Content Switching Module,CSM,CSM-S,SSL,
CVE-2007-5539,Cisco,Unified Communications Web-based Management,privilege escalation,Windows Active Directory domain,
CVE-2008-3820,Cisco,Security Manager,IEV database,IEV server,privilege escalation,
CVE-2008-3821,Cisco,cisco,ios,http server,cross-site scripting,xss,
CVE-2001-0380,Cisco,IOS,SNMP,ILMI,ATM,
CVE-2002-0813,Cisco,TFTP,buffer overflow,long string of characters,long filename,
CVE-2007-0648,Cisco,IOS,DoS,denial of service,reload,
CVE-2002-1447,Cisco,UNIX,VPN client,buffer overflow,long profile name,
CVE-2003-0100,Cisco,IOS,OSPF,neighbor list,neighbor array,
CVE-2001-0650,Cisco,IOS,BGP,UPDATE,CSCdt79947,
CVE-2001-0019,Cisco,CSCdt08730,Arrowpoint,CSS,CSS 11050,
CVE-2002-1103,Cisco,VPN Concentrator,DoS,denial of service,malformed ISAKMP packet,
CVE-2004-0589,Cisco,malformed BGP open message,DoS,denial of service,update,cisco,
CVE-2008-2165,Cisco,BBSM,Captive Portal,xss,cross-site scripting,
CVE-2005-1942,Cisco,802.1x,Voice-Enabled Interfaces,authentication bypass,CDP,
CVE-2009-2874,Cisco,Unified Presence,DoS,denail of service,CSCsy17662,
CVE-2006-3291,Cisco,Access Point,Web Browser Interface,IOS,
CVE-2000-0345,Cisco,router,online help,
CVE-2000-0380,Cisco,IOS,URL,HTTP,%%,
CVE-2006-5660,Cisco,Security Agent Management Center,CSAMC,authentication bypass,Lightweight Directory Access Protocol,
CVE-2007-0105,Cisco,Secure Access Control Server,ACS,buffer overflow,specially crafted,
CVE-2003-0210,Cisco,Secure ACS for Windows,buffer overflow,CSAdmin,login request,
CVE-2002-1189,Cisco,Unity,predefined restriction tables,block call,international operator,
