CVE-2008-0962,EMC,DiskXtender File System Manager,stack based buffer overflow,RPC interface,
CVE-2008-0963,EMC,DiskXtender MediaStor,format string,RPC interface,
CVE-2005-0358,EMC,legato,networker,Sun,StorEdge Backup,
CVE-2005-0359,EMC,legato,networker,Sun,StorEdge Backup,
CVE-2005-2357,EMC,Navisphere,directory traversal,arbitrary file download,
CVE-2007-5323,EMC,RepliStor,Server Service,buffer overflow,arbitrary code execution,
CVE-2008-3290,EMC,Dantz Retrospect,backup Client,NULL-Pointer reference,DoS,
CVE-2007-3618,EMC,Legato,Networker,buffer overflow,kill request,
CVE-2007-6426,EMC,RepliStor,heap-based buffer overflow,crafted compressed data,
CVE-2005-3658,EMC,Legato NetWorker,heap-based buffer overflow,arbitrary code execution,RPC requests,
CVE-2005-3659,EMC,Legato NetWorker,DoS,denial of service,NULL pointer reference,
CVE-2005-0357,EMC,Legato,NetWorker,Sun,StorEdge Backup,
CVE-2006-2391,EMC,Retrospect,buffer overflow,port TCP/497,
CVE-2005-2358,EMC,Navisphere,information disclosure,
CVE-2013-3281,EMC,Webtop,XSS,cross-site scripting,DOM,
CVE-2015-0538,EMC,emc,autostart,remote code execution,
CVE-2008-3288,EMC,Dantz Retrospect,backup Server,Authentication Module,Weak Password Hash Arithmetic,
CVE-2008-3289,EMC,Dantz Retrospect,information disclosure,Client Plain Text Password Hash,
CVE-2008-3287,EMC,Dantz Retrospect,backup Client,remote memory corruption,
CVE-2008-0961,EMC,DiskXtender,authentication bypass,arbitrary code execution,RPC interface,
