CVE-2014-4877,GNU,gnu,wget,ftp,symlink,cwe-59,
CVE-2004-1377,GNU,gnu,a2ps,fixps,psmandup,temp,
CVE-2008-3916,GNU,ed,heap-based buffer overflow,arbitrary code execution,
CVE-2004-0548,GNU,Aspell,buffer overflow,word-list-compress,
CVE-2006-6097,GNU,tar,arbitrary file overwriting,GNUTYPE_NAMES,symbolic link,
CVE-2008-2142,GNU,Emacs,file processing,fast-lock-mode,fast-lock files,
CVE-2005-1704,GNU,gdb,integer overflow,BFD library,
CVE-2005-1705,GNU,gdb,arbitrary code execution,insecurely sources,initialization files,
CVE-2005-1523,GNU,Mailutils,imap4d,format string,arbitrary code execution,
CVE-2005-1520,GNU,Mailutils,mail,buffer overflow,mail header_get_field_name(),
CVE-2002-0363,GNU,Ghostscript,arbitrary command execution,Postscript interpretation,
CVE-2007-2833,GNU,Emacs,DoS,denial of service,certain image files,
CVE-2009-3736,GNU,Libtool,code execution,
CVE-2007-5795,GNU,Emacs,arbitrary code execution,crafted file,hack-local-variables function,
CVE-2004-0623,GNU,Gnats,format string,arbitrary code execution,
CVE-2006-6719,GNU,wget,DoS,denial of service,FTP_Syst function,
CVE-2007-2452,GNU,Findutils,buffer overflow,LOCATE02 database,1026,
CVE-2005-1229,GNU,cpio,properly sanitize,user input,directory traversal,
CVE-2004-1170,GNU,a2ps,arbitrary command execution,
CVE-2005-1751,GNU,shtool,privilege escalation,symlink attack,race condition,
CVE-2005-1759,GNU,shtool,temporary files,file overwrite,ocaml-mysql,
CVE-2006-4573,GNU,Screen,DoS,denial of service,utf8 combining characters handling,
CVE-2005-1824,GNU,Mailutils,SQL injection,sql_escape_string function,auth/sql.c,
CVE-2006-4181,GNU,Radius,format string,sqllog() function,
CVE-2005-1522,GNU,Mailutils,imap4d,properly handle,sequence range argument,
CVE-2005-1521,GNU,Mailutils,imap4d,buffer overflow,fetch_io function,
CVE-2006-2362,GNU,Binutils,getsym,buffer overflow,arbitrary code execution,
CVE-2005-3011,GNU,Texinfo,symlink attack,privilege escalation,sort_offline(),
CVE-2004-1772,GNU,Sharutils,buffer overflow,-o,
CVE-2004-1773,GNU,sharutils,buffer overflow,shar.c,Sharutils,
CVE-2003-1232,GNU,emacs editor,arbitrary command execution,local variables,
CVE-2007-6109,GNU,Emacs,buffer overflow,vector,command line,
CVE-2006-6939,GNU,ed,arbitrary file access,temporary files,open_sbuf,
CVE-2007-6418,GNU,Debian,Linux,dspam,information disclosure,
CVE-2007-2500,GNU,Gnash,buffer overflow,arbitrary code execution,SHOWFRAME elements,
CVE-2000-0948,GNU,Ed,temporary files,symbolic link,gnorpm,
CVE-2005-4808,GNU,binutils,assembler,gas,buffer overflow,
