CVE-2014-6023,Google,Mallodroid,SSL,MITM,Java,Android,
CVE-2014-6763,Google,Mallodroid,SSL,MITM,Java,Android,
CVE-2014-6766,Google,Mallodroid,SSL,MITM,Java,Android,
CVE-2014-6658,Google,Mallodroid,SSL,MITM,Java,Android,
CVE-2014-6654,Google,Mallodroid,SSL,MITM,Java,Android,
CVE-2014-7652,Google,Mallodroid,SSL,MITM,Java,Android,
CVE-2014-7655,Google,Mallodroid,SSL,MITM,Java,Android,
CVE-2014-7659,Google,Mallodroid,SSL,MITM,Java,Android,
CVE-2014-6889,Google,Mallodroid,SSL,MITM,Java,Android,
CVE-2014-6886,Google,Mallodroid,SSL,MITM,Java,Android,
CVE-2014-6887,Google,Mallodroid,SSL,MITM,Java,Android,
CVE-2014-6884,Google,Mallodroid,SSL,MITM,Java,Android,
CVE-2014-6885,Google,Mallodroid,SSL,MITM,Java,Android,
CVE-2014-6882,Google,Mallodroid,SSL,MITM,Java,Android,
CVE-2014-5979,Google,Mallodroid,SSL,MITM,Java,Android,
CVE-2014-5846,Google,Mallodroid,SSL,MITM,Java,Android,
CVE-2014-5845,Google,Mallodroid,SSL,MITM,Java,Android,
CVE-2014-5844,Google,Mallodroid,SSL,MITM,Java,Android,
CVE-2014-5841,Google,Mallodroid,SSL,MITM,Java,Android,
CVE-2014-5840,Google,Mallodroid,SSL,MITM,Java,Android,
CVE-2014-6799,Google,Mallodroid,SSL,MITM,Java,Android,
CVE-2014-6792,Google,Mallodroid,SSL,MITM,Java,Android,
CVE-2014-6793,Google,Mallodroid,SSL,MITM,Java,Android,
CVE-2014-6790,Google,Mallodroid,SSL,MITM,Java,Android,
CVE-2014-6796,Google,Mallodroid,SSL,MITM,Java,Android,
CVE-2014-6797,Google,Mallodroid,SSL,MITM,Java,Android,
CVE-2014-6794,Google,Mallodroid,SSL,MITM,Java,Android,
CVE-2014-6795,Google,Mallodroid,SSL,MITM,Java,Android,
CVE-2014-5916,Google,Mallodroid,SSL,MITM,Java,Android,
CVE-2014-7734,Google,Mallodroid,SSL,MITM,Java,Android,
CVE-2014-7518,Google,Mallodroid,SSL,MITM,Java,Android,
CVE-2014-7515,Google,Mallodroid,SSL,MITM,Java,Android,
CVE-2014-7047,Google,Mallodroid,SSL,MITM,Java,Android,
CVE-2014-6638,Google,Mallodroid,SSL,MITM,Java,Android,
CVE-2014-6669,Google,Mallodroid,SSL,MITM,Java,Android,
CVE-2014-7800,Google,Mallodroid,SSL,MITM,Java,Android,
CVE-2014-7803,Google,Mallodroid,SSL,MITM,Java,Android,
CVE-2014-7802,Google,Mallodroid,SSL,MITM,Java,Android,
CVE-2014-7755,Google,Mallodroid,SSL,MITM,Java,Android,
CVE-2014-7757,Google,Mallodroid,SSL,MITM,Java,Android,
CVE-2014-7756,Google,Mallodroid,SSL,MITM,Java,Android,
CVE-2014-7751,Google,Mallodroid,SSL,MITM,Java,Android,
CVE-2014-7750,Google,Mallodroid,SSL,MITM,Java,Android,
CVE-2014-7759,Google,Mallodroid,SSL,MITM,Java,Android,
CVE-2014-7694,Google,Mallodroid,SSL,MITM,Java,Android,
CVE-2014-5954,Google,Mallodroid,SSL,MITM,Java,Android,
CVE-2014-6987,Google,Mallodroid,SSL,MITM,Java,Android,
CVE-2014-6986,Google,Mallodroid,SSL,MITM,Java,Android,
CVE-2014-6985,Google,Mallodroid,SSL,MITM,Java,Android,
CVE-2014-6984,Google,Mallodroid,SSL,MITM,Java,Android,
CVE-2014-6983,Google,Mallodroid,SSL,MITM,Java,Android,
CVE-2014-6982,Google,Mallodroid,SSL,MITM,Java,Android,
CVE-2014-6981,Google,Mallodroid,SSL,MITM,Java,Android,
CVE-2014-6980,Google,Mallodroid,SSL,MITM,Java,Android,
CVE-2014-6989,Google,Mallodroid,SSL,MITM,Java,Android,
CVE-2014-6988,Google,Mallodroid,SSL,MITM,Java,Android,
CVE-2014-6972,Google,Mallodroid,SSL,MITM,Java,Android,
CVE-2014-6659,Google,Mallodroid,SSL,MITM,Java,Android,
CVE-2014-6653,Google,Mallodroid,SSL,MITM,Java,Android,
CVE-2014-6657,Google,Mallodroid,SSL,MITM,Java,Android,
CVE-2014-6656,Google,Mallodroid,SSL,MITM,Java,Android,
CVE-2014-6787,Google,Mallodroid,SSL,MITM,Java,Android,
CVE-2014-7431,Google,Mallodroid,SSL,MITM,Java,Android,
CVE-2014-7432,Google,Mallodroid,SSL,MITM,Java,Android,
CVE-2014-7434,Google,Mallodroid,SSL,MITM,Java,Android,
CVE-2014-7437,Google,Mallodroid,SSL,MITM,Java,Android,
CVE-2014-7566,Google,Mallodroid,SSL,MITM,Java,Android,
CVE-2014-7565,Google,Mallodroid,SSL,MITM,Java,Android,
CVE-2014-7560,Google,Mallodroid,SSL,MITM,Java,Android,
CVE-2014-7771,Google,Mallodroid,SSL,MITM,Java,Android,
CVE-2014-7774,Google,Mallodroid,SSL,MITM,Java,Android,
CVE-2014-7779,Google,Mallodroid,SSL,MITM,Java,Android,
CVE-2014-5883,Google,Mallodroid,SSL,MITM,Java,Android,
CVE-2014-5882,Google,Mallodroid,SSL,MITM,Java,Android,
CVE-2014-5881,Google,Mallodroid,SSL,MITM,Java,Android,
CVE-2014-5889,Google,Mallodroid,SSL,MITM,Java,Android,
CVE-2014-7488,Google,Mallodroid,SSL,MITM,Java,Android,
CVE-2014-7481,Google,Mallodroid,SSL,MITM,Java,Android,
CVE-2014-7483,Google,Mallodroid,SSL,MITM,Java,Android,
CVE-2014-7485,Google,Mallodroid,SSL,MITM,Java,Android,
CVE-2014-7484,Google,Mallodroid,SSL,MITM,Java,Android,
CVE-2014-7487,Google,Mallodroid,SSL,MITM,Java,Android,
CVE-2014-7486,Google,Mallodroid,SSL,MITM,Java,Android,
CVE-2014-7544,Google,Mallodroid,SSL,MITM,Java,Android,
CVE-2014-6770,Google,Mallodroid,SSL,MITM,Java,Android,
CVE-2014-6772,Google,Mallodroid,SSL,MITM,Java,Android,
CVE-2014-5946,Google,Mallodroid,SSL,MITM,Java,Android,
CVE-2014-5947,Google,Mallodroid,SSL,MITM,Java,Android,
CVE-2014-5940,Google,Mallodroid,SSL,MITM,Java,Android,
CVE-2014-7016,Google,Mallodroid,SSL,MITM,Java,Android,
CVE-2014-7017,Google,Mallodroid,SSL,MITM,Java,Android,
CVE-2014-7015,Google,Mallodroid,SSL,MITM,Java,Android,
CVE-2014-7012,Google,Mallodroid,SSL,MITM,Java,Android,
CVE-2014-7013,Google,Mallodroid,SSL,MITM,Java,Android,
CVE-2014-7010,Google,Mallodroid,SSL,MITM,Java,Android,
CVE-2014-7011,Google,Mallodroid,SSL,MITM,Java,Android,
CVE-2014-7018,Google,Mallodroid,SSL,MITM,Java,Android,
CVE-2014-7019,Google,Mallodroid,SSL,MITM,Java,Android,
CVE-2014-6840,Google,Mallodroid,SSL,MITM,Java,Android,
CVE-2014-7542,Google,Mallodroid,SSL,MITM,Java,Android,
CVE-2014-7719,Google,Mallodroid,SSL,MITM,Java,Android,
CVE-2014-7710,Google,Mallodroid,SSL,MITM,Java,Android,
CVE-2014-7712,Google,Mallodroid,SSL,MITM,Java,Android,
CVE-2014-6008,Google,Mallodroid,SSL,MITM,Java,Android,
CVE-2014-6009,Google,Mallodroid,SSL,MITM,Java,Android,
CVE-2014-6004,Google,Mallodroid,SSL,MITM,Java,Android,
CVE-2014-6002,Google,Mallodroid,SSL,MITM,Java,Android,
CVE-2014-6003,Google,Mallodroid,SSL,MITM,Java,Android,
CVE-2014-6000,Google,Mallodroid,SSL,MITM,Java,Android,
CVE-2014-6001,Google,Mallodroid,SSL,MITM,Java,Android,
CVE-2014-6881,Google,Mallodroid,SSL,MITM,Java,Android,
CVE-2014-4898,Google,Mallodroid,SSL,MITM,Java,Android,
CVE-2014-4891,Google,Mallodroid,SSL,MITM,Java,Android,
CVE-2014-4895,Google,Mallodroid,SSL,MITM,Java,Android,
CVE-2014-5905,Google,Mallodroid,SSL,MITM,Java,Android,
CVE-2014-7723,Google,Mallodroid,SSL,MITM,Java,Android,
CVE-2014-7501,Google,Mallodroid,SSL,MITM,Java,Android,
CVE-2014-7054,Google,Mallodroid,SSL,MITM,Java,Android,
CVE-2014-4894,Google,Mallodroid,SSL,MITM,Java,Android,
CVE-2014-5964,Google,Mallodroid,SSL,MITM,Java,Android,
CVE-2014-5965,Google,Mallodroid,SSL,MITM,Java,Android,
CVE-2014-5966,Google,Mallodroid,SSL,MITM,Java,Android,
CVE-2014-5967,Google,Mallodroid,SSL,MITM,Java,Android,
CVE-2014-5961,Google,Mallodroid,SSL,MITM,Java,Android,
CVE-2014-5963,Google,Mallodroid,SSL,MITM,Java,Android,
CVE-2014-5968,Google,Mallodroid,SSL,MITM,Java,Android,
CVE-2014-5969,Google,Mallodroid,SSL,MITM,Java,Android,
CVE-2014-7039,Google,Mallodroid,SSL,MITM,Java,Android,
CVE-2014-7034,Google,Mallodroid,SSL,MITM,Java,Android,
CVE-2014-7036,Google,Mallodroid,SSL,MITM,Java,Android,
CVE-2014-7037,Google,Mallodroid,SSL,MITM,Java,Android,
CVE-2014-7030,Google,Mallodroid,SSL,MITM,Java,Android,
CVE-2014-7032,Google,Mallodroid,SSL,MITM,Java,Android,
CVE-2014-7522,Google,Mallodroid,SSL,MITM,Java,Android,
CVE-2014-7523,Google,Mallodroid,SSL,MITM,Java,Android,
CVE-2014-7520,Google,Mallodroid,SSL,MITM,Java,Android,
CVE-2014-7521,Google,Mallodroid,SSL,MITM,Java,Android,
CVE-2014-7526,Google,Mallodroid,SSL,MITM,Java,Android,
CVE-2014-7527,Google,Mallodroid,SSL,MITM,Java,Android,
CVE-2014-7524,Google,Mallodroid,SSL,MITM,Java,Android,
CVE-2014-7525,Google,Mallodroid,SSL,MITM,Java,Android,
CVE-2014-7528,Google,Mallodroid,SSL,MITM,Java,Android,
CVE-2014-7529,Google,Mallodroid,SSL,MITM,Java,Android,
CVE-2014-6806,Google,Mallodroid,SSL,MITM,Java,Android,
CVE-2014-6804,Google,Mallodroid,SSL,MITM,Java,Android,
CVE-2014-6805,Google,Mallodroid,SSL,MITM,Java,Android,
CVE-2014-6802,Google,Mallodroid,SSL,MITM,Java,Android,
CVE-2014-6803,Google,Mallodroid,SSL,MITM,Java,Android,
CVE-2014-6800,Google,Mallodroid,SSL,MITM,Java,Android,
CVE-2014-6801,Google,Mallodroid,SSL,MITM,Java,Android,
CVE-2014-7737,Google,Mallodroid,SSL,MITM,Java,Android,
CVE-2014-7735,Google,Mallodroid,SSL,MITM,Java,Android,
CVE-2014-7731,Google,Mallodroid,SSL,MITM,Java,Android,
CVE-2014-6024,Google,Mallodroid,SSL,MITM,Java,Android,
CVE-2014-6025,Google,Mallodroid,SSL,MITM,Java,Android,
CVE-2014-6020,Google,Mallodroid,SSL,MITM,Java,Android,
CVE-2014-6021,Google,Mallodroid,SSL,MITM,Java,Android,
CVE-2014-6645,Google,Mallodroid,SSL,MITM,Java,Android,
CVE-2014-6640,Google,Mallodroid,SSL,MITM,Java,Android,
CVE-2014-6641,Google,Mallodroid,SSL,MITM,Java,Android,
CVE-2014-5849,Google,Mallodroid,SSL,MITM,Java,Android,
CVE-2014-5843,Google,Mallodroid,SSL,MITM,Java,Android,
CVE-2014-6798,Google,Mallodroid,SSL,MITM,Java,Android,
CVE-2014-6791,Google,Mallodroid,SSL,MITM,Java,Android,
CVE-2014-6820,Google,Mallodroid,SSL,MITM,Java,Android,
CVE-2014-5902,Google,Mallodroid,SSL,MITM,Java,Android,
CVE-2014-5906,Google,Mallodroid,SSL,MITM,Java,Android,
CVE-2014-5907,Google,Mallodroid,SSL,MITM,Java,Android,
CVE-2014-5909,Google,Mallodroid,SSL,MITM,Java,Android,
CVE-2014-7508,Google,Mallodroid,SSL,MITM,Java,Android,
CVE-2014-7058,Google,Mallodroid,SSL,MITM,Java,Android,
CVE-2014-7059,Google,Mallodroid,SSL,MITM,Java,Android,
CVE-2014-7052,Google,Mallodroid,SSL,MITM,Java,Android,
CVE-2014-7053,Google,Mallodroid,SSL,MITM,Java,Android,
CVE-2014-7050,Google,Mallodroid,SSL,MITM,Java,Android,
CVE-2014-7056,Google,Mallodroid,SSL,MITM,Java,Android,
CVE-2014-7505,Google,Mallodroid,SSL,MITM,Java,Android,
CVE-2014-7506,Google,Mallodroid,SSL,MITM,Java,Android,
CVE-2014-7055,Google,Mallodroid,SSL,MITM,Java,Android,
CVE-2014-6696,Google,Mallodroid,SSL,MITM,Java,Android,
CVE-2014-6828,Google,Mallodroid,SSL,MITM,Java,Android,
CVE-2014-6829,Google,Mallodroid,SSL,MITM,Java,Android,
CVE-2014-6824,Google,Mallodroid,SSL,MITM,Java,Android,
CVE-2014-6825,Google,Mallodroid,SSL,MITM,Java,Android,
CVE-2014-6826,Google,Mallodroid,SSL,MITM,Java,Android,
CVE-2014-6827,Google,Mallodroid,SSL,MITM,Java,Android,
CVE-2014-6821,Google,Mallodroid,SSL,MITM,Java,Android,
CVE-2014-6822,Google,Mallodroid,SSL,MITM,Java,Android,
CVE-2014-6823,Google,Mallodroid,SSL,MITM,Java,Android,
CVE-2014-7622,Google,Mallodroid,SSL,MITM,Java,Android,
CVE-2014-6693,Google,Mallodroid,SSL,MITM,Java,Android,
CVE-2014-7129,Google,Mallodroid,SSL,MITM,Java,Android,
CVE-2014-6692,Google,Mallodroid,SSL,MITM,Java,Android,
CVE-2014-7773,Google,Mallodroid,SSL,MITM,Java,Android,
CVE-2014-7770,Google,Mallodroid,SSL,MITM,Java,Android,
CVE-2014-7315,Google,Mallodroid,SSL,MITM,Java,Android,
CVE-2014-7317,Google,Mallodroid,SSL,MITM,Java,Android,
CVE-2014-7316,Google,Mallodroid,SSL,MITM,Java,Android,
CVE-2014-7313,Google,Mallodroid,SSL,MITM,Java,Android,
CVE-2014-7777,Google,Mallodroid,SSL,MITM,Java,Android,
CVE-2014-7776,Google,Mallodroid,SSL,MITM,Java,Android,
CVE-2014-6701,Google,Mallodroid,SSL,MITM,Java,Android,
CVE-2014-6702,Google,Mallodroid,SSL,MITM,Java,Android,
CVE-2014-6707,Google,Mallodroid,SSL,MITM,Java,Android,
CVE-2014-7596,Google,Mallodroid,SSL,MITM,Java,Android,
CVE-2014-7636,Google,Mallodroid,SSL,MITM,Java,Android,
CVE-2014-7634,Google,Mallodroid,SSL,MITM,Java,Android,
CVE-2014-5929,Google,Mallodroid,SSL,MITM,Java,Android,
CVE-2014-5921,Google,Mallodroid,SSL,MITM,Java,Android,
CVE-2014-5923,Google,Mallodroid,SSL,MITM,Java,Android,
CVE-2014-5924,Google,Mallodroid,SSL,MITM,Java,Android,
CVE-2014-5925,Google,Mallodroid,SSL,MITM,Java,Android,
CVE-2014-5926,Google,Mallodroid,SSL,MITM,Java,Android,
CVE-2014-6697,Google,Mallodroid,SSL,MITM,Java,Android,
CVE-2014-6694,Google,Mallodroid,SSL,MITM,Java,Android,
CVE-2014-6691,Google,Mallodroid,SSL,MITM,Java,Android,
CVE-2014-6690,Google,Mallodroid,SSL,MITM,Java,Android,
CVE-2014-6699,Google,Mallodroid,SSL,MITM,Java,Android,
CVE-2014-6698,Google,Mallodroid,SSL,MITM,Java,Android,
CVE-2014-7070,Google,Mallodroid,SSL,MITM,Java,Android,
CVE-2014-7072,Google,Mallodroid,SSL,MITM,Java,Android,
CVE-2014-7073,Google,Mallodroid,SSL,MITM,Java,Android,
CVE-2014-7077,Google,Mallodroid,SSL,MITM,Java,Android,
CVE-2014-7078,Google,Mallodroid,SSL,MITM,Java,Android,
CVE-2014-7079,Google,Mallodroid,SSL,MITM,Java,Android,
CVE-2014-7638,Google,Mallodroid,SSL,MITM,Java,Android,
CVE-2014-6848,Google,Mallodroid,SSL,MITM,Java,Android,
CVE-2014-6842,Google,Mallodroid,SSL,MITM,Java,Android,
CVE-2014-6843,Google,Mallodroid,SSL,MITM,Java,Android,
CVE-2014-6841,Google,Mallodroid,SSL,MITM,Java,Android,
CVE-2014-6846,Google,Mallodroid,SSL,MITM,Java,Android,
CVE-2014-6847,Google,Mallodroid,SSL,MITM,Java,Android,
CVE-2014-6845,Google,Mallodroid,SSL,MITM,Java,Android,
CVE-2014-5939,Google,Mallodroid,SSL,MITM,Java,Android,
CVE-2014-5938,Google,Mallodroid,SSL,MITM,Java,Android,
CVE-2014-5931,Google,Mallodroid,SSL,MITM,Java,Android,
CVE-2014-7339,Google,Mallodroid,SSL,MITM,Java,Android,
CVE-2014-7338,Google,Mallodroid,SSL,MITM,Java,Android,
CVE-2014-7331,Google,Mallodroid,SSL,MITM,Java,Android,
CVE-2014-7330,Google,Mallodroid,SSL,MITM,Java,Android,
CVE-2014-7337,Google,Mallodroid,SSL,MITM,Java,Android,
CVE-2014-7336,Google,Mallodroid,SSL,MITM,Java,Android,
CVE-2014-7335,Google,Mallodroid,SSL,MITM,Java,Android,
CVE-2014-7334,Google,Mallodroid,SSL,MITM,Java,Android,
CVE-2014-7436,Google,Mallodroid,SSL,MITM,Java,Android,
CVE-2014-7067,Google,Mallodroid,SSL,MITM,Java,Android,
CVE-2014-7063,Google,Mallodroid,SSL,MITM,Java,Android,
CVE-2014-7752,Google,Mallodroid,SSL,MITM,Java,Android,
CVE-2014-6860,Google,Mallodroid,SSL,MITM,Java,Android,
CVE-2014-6861,Google,Mallodroid,SSL,MITM,Java,Android,
CVE-2014-6862,Google,Mallodroid,SSL,MITM,Java,Android,
CVE-2014-6863,Google,Mallodroid,SSL,MITM,Java,Android,
CVE-2014-6864,Google,Mallodroid,SSL,MITM,Java,Android,
CVE-2014-6865,Google,Mallodroid,SSL,MITM,Java,Android,
CVE-2014-6867,Google,Mallodroid,SSL,MITM,Java,Android,
CVE-2014-6868,Google,Mallodroid,SSL,MITM,Java,Android,
CVE-2014-6869,Google,Mallodroid,SSL,MITM,Java,Android,
CVE-2014-7517,Google,Mallodroid,SSL,MITM,Java,Android,
CVE-2014-7135,Google,Mallodroid,SSL,MITM,Java,Android,
CVE-2014-7689,Google,Mallodroid,SSL,MITM,Java,Android,
CVE-2014-7131,Google,Mallodroid,SSL,MITM,Java,Android,
CVE-2014-7132,Google,Mallodroid,SSL,MITM,Java,Android,
CVE-2014-7685,Google,Mallodroid,SSL,MITM,Java,Android,
CVE-2014-7310,Google,Mallodroid,SSL,MITM,Java,Android,
CVE-2014-7564,Google,Mallodroid,SSL,MITM,Java,Android,
CVE-2014-7353,Google,Mallodroid,SSL,MITM,Java,Android,
CVE-2014-7352,Google,Mallodroid,SSL,MITM,Java,Android,
CVE-2014-7359,Google,Mallodroid,SSL,MITM,Java,Android,
CVE-2014-7358,Google,Mallodroid,SSL,MITM,Java,Android,
CVE-2014-7713,Google,Mallodroid,SSL,MITM,Java,Android,
CVE-2014-6637,Google,Mallodroid,SSL,MITM,Java,Android,
CVE-2014-6636,Google,Mallodroid,SSL,MITM,Java,Android,
CVE-2014-7715,Google,Mallodroid,SSL,MITM,Java,Android,
CVE-2014-7413,Google,Mallodroid,SSL,MITM,Java,Android,
CVE-2014-5884,Google,Mallodroid,SSL,MITM,Java,Android,
CVE-2014-7415,Google,Mallodroid,SSL,MITM,Java,Android,
CVE-2014-7613,Google,Mallodroid,SSL,MITM,Java,Android,
CVE-2014-6740,Google,Mallodroid,SSL,MITM,Java,Android,
CVE-2014-6743,Google,Mallodroid,SSL,MITM,Java,Android,
CVE-2014-6742,Google,Mallodroid,SSL,MITM,Java,Android,
CVE-2014-6776,Google,Mallodroid,SSL,MITM,Java,Android,
CVE-2014-7111,Google,Mallodroid,SSL,MITM,Java,Android,
CVE-2014-7117,Google,Mallodroid,SSL,MITM,Java,Android,
CVE-2014-7116,Google,Mallodroid,SSL,MITM,Java,Android,
CVE-2014-7115,Google,Mallodroid,SSL,MITM,Java,Android,
CVE-2014-7119,Google,Mallodroid,SSL,MITM,Java,Android,
CVE-2014-7118,Google,Mallodroid,SSL,MITM,Java,Android,
CVE-2014-7379,Google,Mallodroid,SSL,MITM,Java,Android,
CVE-2014-7378,Google,Mallodroid,SSL,MITM,Java,Android,
CVE-2014-7376,Google,Mallodroid,SSL,MITM,Java,Android,
CVE-2014-7375,Google,Mallodroid,SSL,MITM,Java,Android,
CVE-2014-7374,Google,Mallodroid,SSL,MITM,Java,Android,
CVE-2014-7372,Google,Mallodroid,SSL,MITM,Java,Android,
CVE-2014-7371,Google,Mallodroid,SSL,MITM,Java,Android,
CVE-2014-7370,Google,Mallodroid,SSL,MITM,Java,Android,
CVE-2014-7629,Google,Mallodroid,SSL,MITM,Java,Android,
CVE-2014-6711,Google,Mallodroid,SSL,MITM,Java,Android,
CVE-2014-6717,Google,Mallodroid,SSL,MITM,Java,Android,
CVE-2014-6714,Google,Mallodroid,SSL,MITM,Java,Android,
CVE-2014-7534,Google,Mallodroid,SSL,MITM,Java,Android,
CVE-2014-7065,Google,Mallodroid,SSL,MITM,Java,Android,
CVE-2014-5988,Google,Mallodroid,SSL,MITM,Java,Android,
CVE-2014-5989,Google,Mallodroid,SSL,MITM,Java,Android,
CVE-2014-5980,Google,Mallodroid,SSL,MITM,Java,Android,
CVE-2014-5986,Google,Mallodroid,SSL,MITM,Java,Android,
CVE-2014-5987,Google,Mallodroid,SSL,MITM,Java,Android,
CVE-2014-5985,Google,Mallodroid,SSL,MITM,Java,Android,
CVE-2014-6769,Google,Mallodroid,SSL,MITM,Java,Android,
CVE-2014-6762,Google,Mallodroid,SSL,MITM,Java,Android,
CVE-2014-6761,Google,Mallodroid,SSL,MITM,Java,Android,
CVE-2014-6760,Google,Mallodroid,SSL,MITM,Java,Android,
CVE-2014-6765,Google,Mallodroid,SSL,MITM,Java,Android,
CVE-2014-7472,Google,Mallodroid,SSL,MITM,Java,Android,
CVE-2014-7580,Google,Mallodroid,SSL,MITM,Java,Android,
CVE-2014-7581,Google,Mallodroid,SSL,MITM,Java,Android,
CVE-2014-7582,Google,Mallodroid,SSL,MITM,Java,Android,
CVE-2014-7584,Google,Mallodroid,SSL,MITM,Java,Android,
CVE-2014-7585,Google,Mallodroid,SSL,MITM,Java,Android,
CVE-2014-7587,Google,Mallodroid,SSL,MITM,Java,Android,
CVE-2014-7589,Google,Mallodroid,SSL,MITM,Java,Android,
CVE-2014-6652,Google,Mallodroid,SSL,MITM,Java,Android,
CVE-2014-6651,Google,Mallodroid,SSL,MITM,Java,Android,
CVE-2014-6978,Google,Mallodroid,SSL,MITM,Java,Android,
CVE-2014-6979,Google,Mallodroid,SSL,MITM,Java,Android,
CVE-2014-6977,Google,Mallodroid,SSL,MITM,Java,Android,
CVE-2014-6974,Google,Mallodroid,SSL,MITM,Java,Android,
CVE-2014-6975,Google,Mallodroid,SSL,MITM,Java,Android,
CVE-2014-6650,Google,Mallodroid,SSL,MITM,Java,Android,
CVE-2014-6970,Google,Mallodroid,SSL,MITM,Java,Android,
CVE-2014-6655,Google,Mallodroid,SSL,MITM,Java,Android,
CVE-2014-5928,Google,Mallodroid,SSL,MITM,Java,Android,
CVE-2014-7690,Google,Mallodroid,SSL,MITM,Java,Android,
CVE-2014-5920,Google,Mallodroid,SSL,MITM,Java,Android,
CVE-2014-7394,Google,Mallodroid,SSL,MITM,Java,Android,
CVE-2014-7397,Google,Mallodroid,SSL,MITM,Java,Android,
CVE-2014-7396,Google,Mallodroid,SSL,MITM,Java,Android,
CVE-2014-7391,Google,Mallodroid,SSL,MITM,Java,Android,
CVE-2014-7393,Google,Mallodroid,SSL,MITM,Java,Android,
CVE-2014-7392,Google,Mallodroid,SSL,MITM,Java,Android,
CVE-2014-7559,Google,Mallodroid,SSL,MITM,Java,Android,
CVE-2014-6017,Google,Mallodroid,SSL,MITM,Java,Android,
CVE-2014-6012,Google,Mallodroid,SSL,MITM,Java,Android,
CVE-2014-6700,Google,Mallodroid,SSL,MITM,Java,Android,
CVE-2014-6704,Google,Mallodroid,SSL,MITM,Java,Android,
CVE-2014-6709,Google,Mallodroid,SSL,MITM,Java,Android,
CVE-2014-6708,Google,Mallodroid,SSL,MITM,Java,Android,
CVE-2014-7458,Google,Mallodroid,SSL,MITM,Java,Android,
CVE-2014-7046,Google,Mallodroid,SSL,MITM,Java,Android,
CVE-2014-6679,Google,Mallodroid,SSL,MITM,Java,Android,
CVE-2014-6678,Google,Mallodroid,SSL,MITM,Java,Android,
CVE-2014-7516,Google,Mallodroid,SSL,MITM,Java,Android,
CVE-2014-6955,Google,Mallodroid,SSL,MITM,Java,Android,
CVE-2014-6956,Google,Mallodroid,SSL,MITM,Java,Android,
CVE-2014-6957,Google,Mallodroid,SSL,MITM,Java,Android,
CVE-2014-6950,Google,Mallodroid,SSL,MITM,Java,Android,
CVE-2014-6951,Google,Mallodroid,SSL,MITM,Java,Android,
CVE-2014-6952,Google,Mallodroid,SSL,MITM,Java,Android,
CVE-2014-6953,Google,Mallodroid,SSL,MITM,Java,Android,
CVE-2014-6958,Google,Mallodroid,SSL,MITM,Java,Android,
CVE-2014-6959,Google,Mallodroid,SSL,MITM,Java,Android,
CVE-2014-7626,Google,Mallodroid,SSL,MITM,Java,Android,
CVE-2014-7513,Google,Mallodroid,SSL,MITM,Java,Android,
CVE-2014-6729,Google,Mallodroid,SSL,MITM,Java,Android,
CVE-2014-6727,Google,Mallodroid,SSL,MITM,Java,Android,
CVE-2014-6725,Google,Mallodroid,SSL,MITM,Java,Android,
CVE-2014-6721,Google,Mallodroid,SSL,MITM,Java,Android,
CVE-2014-7459,Google,Mallodroid,SSL,MITM,Java,Android,
CVE-2014-7455,Google,Mallodroid,SSL,MITM,Java,Android,
CVE-2014-6932,Google,Mallodroid,SSL,MITM,Java,Android,
CVE-2014-6933,Google,Mallodroid,SSL,MITM,Java,Android,
CVE-2014-6930,Google,Mallodroid,SSL,MITM,Java,Android,
CVE-2014-6931,Google,Mallodroid,SSL,MITM,Java,Android,
CVE-2014-6937,Google,Mallodroid,SSL,MITM,Java,Android,
CVE-2014-6934,Google,Mallodroid,SSL,MITM,Java,Android,
CVE-2014-6938,Google,Mallodroid,SSL,MITM,Java,Android,
CVE-2014-6939,Google,Mallodroid,SSL,MITM,Java,Android,
CVE-2014-7020,Google,Mallodroid,SSL,MITM,Java,Android,
CVE-2014-7603,Google,Mallodroid,SSL,MITM,Java,Android,
CVE-2014-7602,Google,Mallodroid,SSL,MITM,Java,Android,
CVE-2014-7607,Google,Mallodroid,SSL,MITM,Java,Android,
CVE-2014-7606,Google,Mallodroid,SSL,MITM,Java,Android,
CVE-2014-7605,Google,Mallodroid,SSL,MITM,Java,Android,
CVE-2014-7604,Google,Mallodroid,SSL,MITM,Java,Android,
CVE-2014-4903,Google,Mallodroid,SSL,MITM,Java,Android,
CVE-2014-7668,Google,Mallodroid,SSL,MITM,Java,Android,
CVE-2014-6724,Google,Mallodroid,SSL,MITM,Java,Android,
CVE-2014-6723,Google,Mallodroid,SSL,MITM,Java,Android,
CVE-2014-6722,Google,Mallodroid,SSL,MITM,Java,Android,
CVE-2014-6720,Google,Mallodroid,SSL,MITM,Java,Android,
CVE-2014-5842,Google,Mallodroid,SSL,MITM,Java,Android,
CVE-2014-5836,Google,Mallodroid,SSL,MITM,Java,Android,
CVE-2014-5832,Google,Mallodroid,SSL,MITM,Java,Android,
CVE-2014-5830,Google,Mallodroid,SSL,MITM,Java,Android,
CVE-2014-7470,Google,Mallodroid,SSL,MITM,Java,Android,
CVE-2014-7471,Google,Mallodroid,SSL,MITM,Java,Android,
CVE-2014-7478,Google,Mallodroid,SSL,MITM,Java,Android,
CVE-2014-7123,Google,Mallodroid,SSL,MITM,Java,Android,
CVE-2014-6919,Google,Mallodroid,SSL,MITM,Java,Android,
CVE-2014-6910,Google,Mallodroid,SSL,MITM,Java,Android,
CVE-2014-6911,Google,Mallodroid,SSL,MITM,Java,Android,
CVE-2014-6912,Google,Mallodroid,SSL,MITM,Java,Android,
CVE-2014-6913,Google,Mallodroid,SSL,MITM,Java,Android,
CVE-2014-6914,Google,Mallodroid,SSL,MITM,Java,Android,
CVE-2014-6916,Google,Mallodroid,SSL,MITM,Java,Android,
CVE-2014-7454,Google,Mallodroid,SSL,MITM,Java,Android,
CVE-2014-7452,Google,Mallodroid,SSL,MITM,Java,Android,
CVE-2014-7450,Google,Mallodroid,SSL,MITM,Java,Android,
CVE-2014-7128,Google,Mallodroid,SSL,MITM,Java,Android,
CVE-2014-7002,Google,Mallodroid,SSL,MITM,Java,Android,
CVE-2014-7663,Google,Mallodroid,SSL,MITM,Java,Android,
CVE-2014-7664,Google,Mallodroid,SSL,MITM,Java,Android,
CVE-2014-7667,Google,Mallodroid,SSL,MITM,Java,Android,
CVE-2014-7666,Google,Mallodroid,SSL,MITM,Java,Android,
CVE-2014-6681,Google,Mallodroid,SSL,MITM,Java,Android,
CVE-2014-6682,Google,Mallodroid,SSL,MITM,Java,Android,
CVE-2014-7009,Google,Mallodroid,SSL,MITM,Java,Android,
CVE-2014-7044,Google,Mallodroid,SSL,MITM,Java,Android,
CVE-2014-7008,Google,Mallodroid,SSL,MITM,Java,Android,
CVE-2014-7089,Google,Mallodroid,SSL,MITM,Java,Android,
CVE-2014-7088,Google,Mallodroid,SSL,MITM,Java,Android,
CVE-2014-7084,Google,Mallodroid,SSL,MITM,Java,Android,
CVE-2014-7087,Google,Mallodroid,SSL,MITM,Java,Android,
CVE-2014-7086,Google,Mallodroid,SSL,MITM,Java,Android,
CVE-2014-7083,Google,Mallodroid,SSL,MITM,Java,Android,
CVE-2014-7082,Google,Mallodroid,SSL,MITM,Java,Android,
CVE-2014-5903,Google,Mallodroid,SSL,MITM,Java,Android,
CVE-2014-5901,Google,Mallodroid,SSL,MITM,Java,Android,
CVE-2014-7410,Google,Mallodroid,SSL,MITM,Java,Android,
CVE-2014-7416,Google,Mallodroid,SSL,MITM,Java,Android,
CVE-2014-7417,Google,Mallodroid,SSL,MITM,Java,Android,
CVE-2014-7419,Google,Mallodroid,SSL,MITM,Java,Android,
CVE-2014-7742,Google,Mallodroid,SSL,MITM,Java,Android,
CVE-2014-6935,Google,Mallodroid,SSL,MITM,Java,Android,
CVE-2014-6666,Google,Mallodroid,SSL,MITM,Java,Android,
CVE-2014-6664,Google,Mallodroid,SSL,MITM,Java,Android,
CVE-2014-6665,Google,Mallodroid,SSL,MITM,Java,Android,
CVE-2014-6662,Google,Mallodroid,SSL,MITM,Java,Android,
CVE-2014-6663,Google,Mallodroid,SSL,MITM,Java,Android,
CVE-2014-6660,Google,Mallodroid,SSL,MITM,Java,Android,
CVE-2014-7647,Google,Mallodroid,SSL,MITM,Java,Android,
CVE-2014-7646,Google,Mallodroid,SSL,MITM,Java,Android,
CVE-2014-7644,Google,Mallodroid,SSL,MITM,Java,Android,
CVE-2014-7649,Google,Mallodroid,SSL,MITM,Java,Android,
CVE-2014-7648,Google,Mallodroid,SSL,MITM,Java,Android,
CVE-2014-4905,Google,Mallodroid,SSL,MITM,Java,Android,
CVE-2014-6898,Google,Mallodroid,SSL,MITM,Java,Android,
CVE-2014-6897,Google,Mallodroid,SSL,MITM,Java,Android,
CVE-2014-6890,Google,Mallodroid,SSL,MITM,Java,Android,
CVE-2014-6892,Google,Mallodroid,SSL,MITM,Java,Android,
CVE-2014-7782,Google,Mallodroid,SSL,MITM,Java,Android,
CVE-2014-7783,Google,Mallodroid,SSL,MITM,Java,Android,
CVE-2014-7780,Google,Mallodroid,SSL,MITM,Java,Android,
CVE-2014-7787,Google,Mallodroid,SSL,MITM,Java,Android,
CVE-2014-7785,Google,Mallodroid,SSL,MITM,Java,Android,
CVE-2014-7788,Google,Mallodroid,SSL,MITM,Java,Android,
CVE-2014-7789,Google,Mallodroid,SSL,MITM,Java,Android,
CVE-2014-5872,Google,Mallodroid,SSL,MITM,Java,Android,
CVE-2014-5873,Google,Mallodroid,SSL,MITM,Java,Android,
CVE-2014-5870,Google,Mallodroid,SSL,MITM,Java,Android,
CVE-2014-5877,Google,Mallodroid,SSL,MITM,Java,Android,
CVE-2014-5874,Google,Mallodroid,SSL,MITM,Java,Android,
CVE-2014-5875,Google,Mallodroid,SSL,MITM,Java,Android,
CVE-2014-5878,Google,Mallodroid,SSL,MITM,Java,Android,
CVE-2014-5879,Google,Mallodroid,SSL,MITM,Java,Android,
CVE-2014-6789,Google,Mallodroid,SSL,MITM,Java,Android,
CVE-2014-6788,Google,Mallodroid,SSL,MITM,Java,Android,
CVE-2014-6780,Google,Mallodroid,SSL,MITM,Java,Android,
CVE-2014-6783,Google,Mallodroid,SSL,MITM,Java,Android,
CVE-2014-6782,Google,Mallodroid,SSL,MITM,Java,Android,
CVE-2014-6785,Google,Mallodroid,SSL,MITM,Java,Android,
CVE-2014-6784,Google,Mallodroid,SSL,MITM,Java,Android,
CVE-2014-6786,Google,Mallodroid,SSL,MITM,Java,Android,
CVE-2014-7439,Google,Mallodroid,SSL,MITM,Java,Android,
CVE-2014-7430,Google,Mallodroid,SSL,MITM,Java,Android,
CVE-2014-7433,Google,Mallodroid,SSL,MITM,Java,Android,
CVE-2014-7435,Google,Mallodroid,SSL,MITM,Java,Android,
CVE-2014-7568,Google,Mallodroid,SSL,MITM,Java,Android,
CVE-2014-7569,Google,Mallodroid,SSL,MITM,Java,Android,
CVE-2014-5935,Google,Mallodroid,SSL,MITM,Java,Android,
CVE-2014-6646,Google,Mallodroid,SSL,MITM,Java,Android,
CVE-2014-6642,Google,Mallodroid,SSL,MITM,Java,Android,
CVE-2014-6643,Google,Mallodroid,SSL,MITM,Java,Android,
CVE-2014-6649,Google,Mallodroid,SSL,MITM,Java,Android,
CVE-2014-6739,Google,Mallodroid,SSL,MITM,Java,Android,
CVE-2014-6735,Google,Mallodroid,SSL,MITM,Java,Android,
CVE-2014-6728,Google,Mallodroid,SSL,MITM,Java,Android,
CVE-2014-5858,Google,Mallodroid,SSL,MITM,Java,Android,
CVE-2014-5850,Google,Mallodroid,SSL,MITM,Java,Android,
CVE-2014-5851,Google,Mallodroid,SSL,MITM,Java,Android,
CVE-2014-5853,Google,Mallodroid,SSL,MITM,Java,Android,
CVE-2014-5854,Google,Mallodroid,SSL,MITM,Java,Android,
CVE-2014-5856,Google,Mallodroid,SSL,MITM,Java,Android,
CVE-2014-5826,Google,Mallodroid,SSL,MITM,Java,Android,
CVE-2014-7463,Google,Mallodroid,SSL,MITM,Java,Android,
CVE-2014-6873,Google,Mallodroid,SSL,MITM,Java,Android,
CVE-2014-7578,Google,Mallodroid,SSL,MITM,Java,Android,
CVE-2014-7575,Google,Mallodroid,SSL,MITM,Java,Android,
CVE-2014-7577,Google,Mallodroid,SSL,MITM,Java,Android,
CVE-2014-7576,Google,Mallodroid,SSL,MITM,Java,Android,
CVE-2014-7571,Google,Mallodroid,SSL,MITM,Java,Android,
CVE-2014-7570,Google,Mallodroid,SSL,MITM,Java,Android,
CVE-2014-7573,Google,Mallodroid,SSL,MITM,Java,Android,
CVE-2014-7572,Google,Mallodroid,SSL,MITM,Java,Android,
CVE-2014-4904,Google,Mallodroid,SSL,MITM,Java,Android,
CVE-2014-4906,Google,Mallodroid,SSL,MITM,Java,Android,
CVE-2014-7746,Google,Mallodroid,SSL,MITM,Java,Android,
CVE-2014-7745,Google,Mallodroid,SSL,MITM,Java,Android,
CVE-2014-7743,Google,Mallodroid,SSL,MITM,Java,Android,
CVE-2014-7740,Google,Mallodroid,SSL,MITM,Java,Android,
CVE-2014-7741,Google,Mallodroid,SSL,MITM,Java,Android,
CVE-2014-7748,Google,Mallodroid,SSL,MITM,Java,Android,
CVE-2014-5524,Google,Mallodroid,SSL,MITM,Java,Android,
CVE-2014-5526,Google,Mallodroid,SSL,MITM,Java,Android,
CVE-2014-5528,Google,Mallodroid,SSL,MITM,Java,Android,
CVE-2014-5529,Google,Mallodroid,SSL,MITM,Java,Android,
CVE-2014-6990,Google,Mallodroid,SSL,MITM,Java,Android,
CVE-2014-6991,Google,Mallodroid,SSL,MITM,Java,Android,
CVE-2014-6992,Google,Mallodroid,SSL,MITM,Java,Android,
CVE-2014-6993,Google,Mallodroid,SSL,MITM,Java,Android,
CVE-2014-6994,Google,Mallodroid,SSL,MITM,Java,Android,
CVE-2014-6995,Google,Mallodroid,SSL,MITM,Java,Android,
CVE-2014-6997,Google,Mallodroid,SSL,MITM,Java,Android,
CVE-2014-6998,Google,Mallodroid,SSL,MITM,Java,Android,
CVE-2014-6999,Google,Mallodroid,SSL,MITM,Java,Android,
CVE-2014-0362 ,Google,GSA,XSS,cross-site scripting,
CVE-2014-6908,Google,Mallodroid,SSL,MITM,Java,Android,
CVE-2014-5885,Google,Mallodroid,SSL,MITM,Java,Android,
CVE-2014-5888,Google,Mallodroid,SSL,MITM,Java,Android,
CVE-2014-5959,Google,Mallodroid,SSL,MITM,Java,Android,
CVE-2014-5958,Google,Mallodroid,SSL,MITM,Java,Android,
CVE-2014-5951,Google,Mallodroid,SSL,MITM,Java,Android,
CVE-2014-5950,Google,Mallodroid,SSL,MITM,Java,Android,
CVE-2014-5953,Google,Mallodroid,SSL,MITM,Java,Android,
CVE-2014-5952,Google,Mallodroid,SSL,MITM,Java,Android,
CVE-2014-7005,Google,Mallodroid,SSL,MITM,Java,Android,
CVE-2014-7007,Google,Mallodroid,SSL,MITM,Java,Android,
CVE-2014-7558,Google,Mallodroid,SSL,MITM,Java,Android,
CVE-2014-7001,Google,Mallodroid,SSL,MITM,Java,Android,
CVE-2014-7003,Google,Mallodroid,SSL,MITM,Java,Android,
CVE-2014-7553,Google,Mallodroid,SSL,MITM,Java,Android,
CVE-2014-7551,Google,Mallodroid,SSL,MITM,Java,Android,
CVE-2014-7550,Google,Mallodroid,SSL,MITM,Java,Android,
CVE-2014-7555,Google,Mallodroid,SSL,MITM,Java,Android,
CVE-2014-7554,Google,Mallodroid,SSL,MITM,Java,Android,
CVE-2014-6870,Google,Mallodroid,SSL,MITM,Java,Android,
CVE-2014-6902,Google,Mallodroid,SSL,MITM,Java,Android,
CVE-2014-5898,Google,Mallodroid,SSL,MITM,Java,Android,
CVE-2014-5894,Google,Mallodroid,SSL,MITM,Java,Android,
CVE-2014-5896,Google,Mallodroid,SSL,MITM,Java,Android,
CVE-2014-5897,Google,Mallodroid,SSL,MITM,Java,Android,
CVE-2014-5890,Google,Mallodroid,SSL,MITM,Java,Android,
CVE-2014-5892,Google,Mallodroid,SSL,MITM,Java,Android,
CVE-2014-5893,Google,Mallodroid,SSL,MITM,Java,Android,
CVE-2014-7632,Google,Mallodroid,SSL,MITM,Java,Android,
CVE-2014-7768,Google,Mallodroid,SSL,MITM,Java,Android,
CVE-2014-7769,Google,Mallodroid,SSL,MITM,Java,Android,
CVE-2014-7764,Google,Mallodroid,SSL,MITM,Java,Android,
CVE-2014-7765,Google,Mallodroid,SSL,MITM,Java,Android,
CVE-2014-7766,Google,Mallodroid,SSL,MITM,Java,Android,
CVE-2014-7767,Google,Mallodroid,SSL,MITM,Java,Android,
CVE-2014-7760,Google,Mallodroid,SSL,MITM,Java,Android,
CVE-2014-7761,Google,Mallodroid,SSL,MITM,Java,Android,
CVE-2014-7762,Google,Mallodroid,SSL,MITM,Java,Android,
CVE-2014-7763,Google,Mallodroid,SSL,MITM,Java,Android,
CVE-2014-6019,Google,Mallodroid,SSL,MITM,Java,Android,
CVE-2014-6018,Google,Mallodroid,SSL,MITM,Java,Android,
CVE-2014-6016,Google,Mallodroid,SSL,MITM,Java,Android,
CVE-2014-7499,Google,Mallodroid,SSL,MITM,Java,Android,
CVE-2014-7492,Google,Mallodroid,SSL,MITM,Java,Android,
CVE-2014-7493,Google,Mallodroid,SSL,MITM,Java,Android,
CVE-2014-7497,Google,Mallodroid,SSL,MITM,Java,Android,
CVE-2014-7495,Google,Mallodroid,SSL,MITM,Java,Android,
CVE-2014-7004,Google,Mallodroid,SSL,MITM,Java,Android,
CVE-2006-6223,Google,Search Appliance,xss,cross-site scripting,google mini,
CVE-2014-7557,Google,Mallodroid,SSL,MITM,Java,Android,
CVE-2014-7749,Google,Mallodroid,SSL,MITM,Java,Android,
CVE-2014-5978,Google,Mallodroid,SSL,MITM,Java,Android,
CVE-2014-5973,Google,Mallodroid,SSL,MITM,Java,Android,
CVE-2014-5972,Google,Mallodroid,SSL,MITM,Java,Android,
CVE-2014-5970,Google,Mallodroid,SSL,MITM,Java,Android,
CVE-2014-5977,Google,Mallodroid,SSL,MITM,Java,Android,
CVE-2014-5976,Google,Mallodroid,SSL,MITM,Java,Android,
CVE-2014-5975,Google,Mallodroid,SSL,MITM,Java,Android,
CVE-2014-5974,Google,Mallodroid,SSL,MITM,Java,Android,
CVE-2014-7023,Google,Mallodroid,SSL,MITM,Java,Android,
CVE-2014-7022,Google,Mallodroid,SSL,MITM,Java,Android,
CVE-2014-7533,Google,Mallodroid,SSL,MITM,Java,Android,
CVE-2014-7532,Google,Mallodroid,SSL,MITM,Java,Android,
CVE-2014-7027,Google,Mallodroid,SSL,MITM,Java,Android,
CVE-2014-7026,Google,Mallodroid,SSL,MITM,Java,Android,
CVE-2014-7025,Google,Mallodroid,SSL,MITM,Java,Android,
CVE-2014-7536,Google,Mallodroid,SSL,MITM,Java,Android,
CVE-2014-7538,Google,Mallodroid,SSL,MITM,Java,Android,
CVE-2014-7029,Google,Mallodroid,SSL,MITM,Java,Android,
CVE-2014-7028,Google,Mallodroid,SSL,MITM,Java,Android,
CVE-2014-7085,Google,Mallodroid,SSL,MITM,Java,Android,
CVE-2014-6814,Google,Mallodroid,SSL,MITM,Java,Android,
CVE-2014-6817,Google,Mallodroid,SSL,MITM,Java,Android,
CVE-2014-6816,Google,Mallodroid,SSL,MITM,Java,Android,
CVE-2014-6810,Google,Mallodroid,SSL,MITM,Java,Android,
CVE-2014-6819,Google,Mallodroid,SSL,MITM,Java,Android,
CVE-2014-6818,Google,Mallodroid,SSL,MITM,Java,Android,
CVE-2014-6813,Google,Mallodroid,SSL,MITM,Java,Android,
CVE-2014-5839,Google,Mallodroid,SSL,MITM,Java,Android,
CVE-2014-7708,Google,Mallodroid,SSL,MITM,Java,Android,
CVE-2014-7703,Google,Mallodroid,SSL,MITM,Java,Android,
CVE-2014-7707,Google,Mallodroid,SSL,MITM,Java,Android,
CVE-2014-7705,Google,Mallodroid,SSL,MITM,Java,Android,
CVE-2014-5835,Google,Mallodroid,SSL,MITM,Java,Android,
CVE-2014-7610,Google,Mallodroid,SSL,MITM,Java,Android,
CVE-2014-4884,Google,Mallodroid,SSL,MITM,Java,Android,
CVE-2014-4885,Google,Mallodroid,SSL,MITM,Java,Android,
CVE-2014-4887,Google,Mallodroid,SSL,MITM,Java,Android,
CVE-2014-4881,Google,Mallodroid,SSL,MITM,Java,Android,
CVE-2014-4888,Google,Mallodroid,SSL,MITM,Java,Android,
CVE-2014-4889,Google,Mallodroid,SSL,MITM,Java,Android,
CVE-2014-7476,Google,Mallodroid,SSL,MITM,Java,Android,
CVE-2014-5911,Google,Mallodroid,SSL,MITM,Java,Android,
CVE-2014-5910,Google,Mallodroid,SSL,MITM,Java,Android,
CVE-2014-5913,Google,Mallodroid,SSL,MITM,Java,Android,
CVE-2014-5912,Google,Mallodroid,SSL,MITM,Java,Android,
CVE-2014-5915,Google,Mallodroid,SSL,MITM,Java,Android,
CVE-2014-5914,Google,Mallodroid,SSL,MITM,Java,Android,
CVE-2014-5919,Google,Mallodroid,SSL,MITM,Java,Android,
CVE-2014-7049,Google,Mallodroid,SSL,MITM,Java,Android,
CVE-2014-7048,Google,Mallodroid,SSL,MITM,Java,Android,
CVE-2014-7519,Google,Mallodroid,SSL,MITM,Java,Android,
CVE-2014-7041,Google,Mallodroid,SSL,MITM,Java,Android,
CVE-2014-7040,Google,Mallodroid,SSL,MITM,Java,Android,
CVE-2014-7043,Google,Mallodroid,SSL,MITM,Java,Android,
CVE-2014-7042,Google,Mallodroid,SSL,MITM,Java,Android,
CVE-2014-7045,Google,Mallodroid,SSL,MITM,Java,Android,
CVE-2014-7510,Google,Mallodroid,SSL,MITM,Java,Android,
CVE-2014-6833,Google,Mallodroid,SSL,MITM,Java,Android,
CVE-2014-6832,Google,Mallodroid,SSL,MITM,Java,Android,
CVE-2014-6831,Google,Mallodroid,SSL,MITM,Java,Android,
CVE-2014-6837,Google,Mallodroid,SSL,MITM,Java,Android,
CVE-2014-6836,Google,Mallodroid,SSL,MITM,Java,Android,
CVE-2014-6835,Google,Mallodroid,SSL,MITM,Java,Android,
CVE-2014-6834,Google,Mallodroid,SSL,MITM,Java,Android,
CVE-2014-6839,Google,Mallodroid,SSL,MITM,Java,Android,
CVE-2014-6838,Google,Mallodroid,SSL,MITM,Java,Android,
CVE-2014-7686,Google,Mallodroid,SSL,MITM,Java,Android,
CVE-2014-7134,Google,Mallodroid,SSL,MITM,Java,Android,
CVE-2014-7720,Google,Mallodroid,SSL,MITM,Java,Android,
CVE-2014-7688,Google,Mallodroid,SSL,MITM,Java,Android,
CVE-2014-7724,Google,Mallodroid,SSL,MITM,Java,Android,
CVE-2014-7725,Google,Mallodroid,SSL,MITM,Java,Android,
CVE-2014-7726,Google,Mallodroid,SSL,MITM,Java,Android,
CVE-2014-7727,Google,Mallodroid,SSL,MITM,Java,Android,
CVE-2014-7728,Google,Mallodroid,SSL,MITM,Java,Android,
CVE-2014-7683,Google,Mallodroid,SSL,MITM,Java,Android,
CVE-2014-7681,Google,Mallodroid,SSL,MITM,Java,Android,
CVE-2014-7357,Google,Mallodroid,SSL,MITM,Java,Android,
CVE-2014-5895,Google,Mallodroid,SSL,MITM,Java,Android,
CVE-2014-5936,Google,Mallodroid,SSL,MITM,Java,Android,
CVE-2014-5933,Google,Mallodroid,SSL,MITM,Java,Android,
CVE-2014-5932,Google,Mallodroid,SSL,MITM,Java,Android,
CVE-2014-5930,Google,Mallodroid,SSL,MITM,Java,Android,
CVE-2014-7064,Google,Mallodroid,SSL,MITM,Java,Android,
CVE-2014-7062,Google,Mallodroid,SSL,MITM,Java,Android,
CVE-2014-7061,Google,Mallodroid,SSL,MITM,Java,Android,
CVE-2014-7060,Google,Mallodroid,SSL,MITM,Java,Android,
CVE-2014-7069,Google,Mallodroid,SSL,MITM,Java,Android,
CVE-2014-6014,Google,Mallodroid,SSL,MITM,Java,Android,
CVE-2014-6859,Google,Mallodroid,SSL,MITM,Java,Android,
CVE-2014-6858,Google,Mallodroid,SSL,MITM,Java,Android,
CVE-2014-6851,Google,Mallodroid,SSL,MITM,Java,Android,
CVE-2014-6850,Google,Mallodroid,SSL,MITM,Java,Android,
CVE-2014-6853,Google,Mallodroid,SSL,MITM,Java,Android,
CVE-2014-6852,Google,Mallodroid,SSL,MITM,Java,Android,
CVE-2014-6855,Google,Mallodroid,SSL,MITM,Java,Android,
CVE-2014-6854,Google,Mallodroid,SSL,MITM,Java,Android,
CVE-2014-6857,Google,Mallodroid,SSL,MITM,Java,Android,
CVE-2015-0927,Google,Mallodroid,SSL,MITM,Java,Android,
CVE-2014-5948,Google,Mallodroid,SSL,MITM,Java,Android,
CVE-2014-5945,Google,Mallodroid,SSL,MITM,Java,Android,
CVE-2010-2897,Google,Chrome,spoofing,MIME,system access,
CVE-2014-7546,Google,Mallodroid,SSL,MITM,Java,Android,
CVE-2014-7744,Google,Mallodroid,SSL,MITM,Java,Android,
CVE-2014-7309,Google,Mallodroid,SSL,MITM,Java,Android,
CVE-2014-7307,Google,Mallodroid,SSL,MITM,Java,Android,
CVE-2014-7075,Google,Mallodroid,SSL,MITM,Java,Android,
CVE-2014-6011,Google,Mallodroid,SSL,MITM,Java,Android,
CVE-2014-6013,Google,Mallodroid,SSL,MITM,Java,Android,
CVE-2014-7642,Google,Mallodroid,SSL,MITM,Java,Android,
CVE-2014-6726,Google,Mallodroid,SSL,MITM,Java,Android,
CVE-2014-6683,Google,Mallodroid,SSL,MITM,Java,Android,
CVE-2014-6684,Google,Mallodroid,SSL,MITM,Java,Android,
CVE-2014-6686,Google,Mallodroid,SSL,MITM,Java,Android,
CVE-2014-6687,Google,Mallodroid,SSL,MITM,Java,Android,
CVE-2014-6688,Google,Mallodroid,SSL,MITM,Java,Android,
CVE-2014-6689,Google,Mallodroid,SSL,MITM,Java,Android,
CVE-2014-7509,Google,Mallodroid,SSL,MITM,Java,Android,
CVE-2014-6877,Google,Mallodroid,SSL,MITM,Java,Android,
CVE-2014-6876,Google,Mallodroid,SSL,MITM,Java,Android,
CVE-2014-6874,Google,Mallodroid,SSL,MITM,Java,Android,
CVE-2014-7628,Google,Mallodroid,SSL,MITM,Java,Android,
CVE-2014-6878,Google,Mallodroid,SSL,MITM,Java,Android,
CVE-2002-1443,Google,toolbar,keypress event,crafted web page,
CVE-2014-7502,Google,Mallodroid,SSL,MITM,Java,Android,
CVE-2014-7507,Google,Mallodroid,SSL,MITM,Java,Android,
CVE-2014-7661,Google,Mallodroid,SSL,MITM,Java,Android,
CVE-2014-7326,Google,Mallodroid,SSL,MITM,Java,Android,
CVE-2014-7320,Google,Mallodroid,SSL,MITM,Java,Android,
CVE-2014-7321,Google,Mallodroid,SSL,MITM,Java,Android,
CVE-2014-7328,Google,Mallodroid,SSL,MITM,Java,Android,
CVE-2014-7329,Google,Mallodroid,SSL,MITM,Java,Android,
CVE-2014-7424,Google,Mallodroid,SSL,MITM,Java,Android,
CVE-2014-7080,Google,Mallodroid,SSL,MITM,Java,Android,
CVE-2014-6703,Google,Mallodroid,SSL,MITM,Java,Android,
CVE-2002-1442,Google,toolbar,arbitrary user,modify preferences,crafted URL,
CVE-2014-6706,Google,Mallodroid,SSL,MITM,Java,Android,
CVE-2014-6879,Google,Mallodroid,SSL,MITM,Java,Android,
CVE-2014-7127,Google,Mallodroid,SSL,MITM,Java,Android,
CVE-2014-6749,Google,Mallodroid,SSL,MITM,Java,Android,
CVE-2014-7120,Google,Mallodroid,SSL,MITM,Java,Android,
CVE-2014-6746,Google,Mallodroid,SSL,MITM,Java,Android,
CVE-2014-7695,Google,Mallodroid,SSL,MITM,Java,Android,
CVE-2014-7124,Google,Mallodroid,SSL,MITM,Java,Android,
CVE-2014-7697,Google,Mallodroid,SSL,MITM,Java,Android,
CVE-2014-7122,Google,Mallodroid,SSL,MITM,Java,Android,
CVE-2014-7691,Google,Mallodroid,SSL,MITM,Java,Android,
CVE-2014-7692,Google,Mallodroid,SSL,MITM,Java,Android,
CVE-2014-7693,Google,Mallodroid,SSL,MITM,Java,Android,
CVE-2014-7698,Google,Mallodroid,SSL,MITM,Java,Android,
CVE-2014-7340,Google,Mallodroid,SSL,MITM,Java,Android,
CVE-2014-7341,Google,Mallodroid,SSL,MITM,Java,Android,
CVE-2014-7345,Google,Mallodroid,SSL,MITM,Java,Android,
CVE-2014-7344,Google,Mallodroid,SSL,MITM,Java,Android,
CVE-2014-5999,Google,Mallodroid,SSL,MITM,Java,Android,
CVE-2014-5998,Google,Mallodroid,SSL,MITM,Java,Android,
CVE-2014-5991,Google,Mallodroid,SSL,MITM,Java,Android,
CVE-2014-5990,Google,Mallodroid,SSL,MITM,Java,Android,
CVE-2014-5992,Google,Mallodroid,SSL,MITM,Java,Android,
CVE-2014-5994,Google,Mallodroid,SSL,MITM,Java,Android,
CVE-2014-5997,Google,Mallodroid,SSL,MITM,Java,Android,
CVE-2014-5996,Google,Mallodroid,SSL,MITM,Java,Android,
CVE-2014-6758,Google,Mallodroid,SSL,MITM,Java,Android,
CVE-2014-6756,Google,Mallodroid,SSL,MITM,Java,Android,
CVE-2014-6754,Google,Mallodroid,SSL,MITM,Java,Android,
CVE-2014-6755,Google,Mallodroid,SSL,MITM,Java,Android,
CVE-2014-6752,Google,Mallodroid,SSL,MITM,Java,Android,
CVE-2014-6753,Google,Mallodroid,SSL,MITM,Java,Android,
CVE-2014-6750,Google,Mallodroid,SSL,MITM,Java,Android,
CVE-2014-6751,Google,Mallodroid,SSL,MITM,Java,Android,
CVE-2014-7597,Google,Mallodroid,SSL,MITM,Java,Android,
CVE-2014-7595,Google,Mallodroid,SSL,MITM,Java,Android,
CVE-2014-7593,Google,Mallodroid,SSL,MITM,Java,Android,
CVE-2014-7592,Google,Mallodroid,SSL,MITM,Java,Android,
CVE-2014-7591,Google,Mallodroid,SSL,MITM,Java,Android,
CVE-2014-7598,Google,Mallodroid,SSL,MITM,Java,Android,
CVE-2014-5899,Google,Mallodroid,SSL,MITM,Java,Android,
CVE-2014-7781,Google,Mallodroid,SSL,MITM,Java,Android,
CVE-2014-6909,Google,Mallodroid,SSL,MITM,Java,Android,
CVE-2014-6648,Google,Mallodroid,SSL,MITM,Java,Android,
CVE-2014-6969,Google,Mallodroid,SSL,MITM,Java,Android,
CVE-2014-6968,Google,Mallodroid,SSL,MITM,Java,Android,
CVE-2014-6965,Google,Mallodroid,SSL,MITM,Java,Android,
CVE-2014-6964,Google,Mallodroid,SSL,MITM,Java,Android,
CVE-2014-6966,Google,Mallodroid,SSL,MITM,Java,Android,
CVE-2014-6961,Google,Mallodroid,SSL,MITM,Java,Android,
CVE-2014-6960,Google,Mallodroid,SSL,MITM,Java,Android,
CVE-2014-6768,Google,Mallodroid,SSL,MITM,Java,Android,
CVE-2014-7714,Google,Mallodroid,SSL,MITM,Java,Android,
CVE-2014-7108,Google,Mallodroid,SSL,MITM,Java,Android,
CVE-2014-7109,Google,Mallodroid,SSL,MITM,Java,Android,
CVE-2014-7104,Google,Mallodroid,SSL,MITM,Java,Android,
CVE-2014-7106,Google,Mallodroid,SSL,MITM,Java,Android,
CVE-2014-7100,Google,Mallodroid,SSL,MITM,Java,Android,
CVE-2014-7101,Google,Mallodroid,SSL,MITM,Java,Android,
CVE-2014-7102,Google,Mallodroid,SSL,MITM,Java,Android,
CVE-2014-7103,Google,Mallodroid,SSL,MITM,Java,Android,
CVE-2014-7530,Google,Mallodroid,SSL,MITM,Java,Android,
CVE-2014-7535,Google,Mallodroid,SSL,MITM,Java,Android,
CVE-2014-7368,Google,Mallodroid,SSL,MITM,Java,Android,
CVE-2014-7369,Google,Mallodroid,SSL,MITM,Java,Android,
CVE-2014-7361,Google,Mallodroid,SSL,MITM,Java,Android,
CVE-2014-7362,Google,Mallodroid,SSL,MITM,Java,Android,
CVE-2014-7364,Google,Mallodroid,SSL,MITM,Java,Android,
CVE-2014-7367,Google,Mallodroid,SSL,MITM,Java,Android,
CVE-2014-6917,Google,Mallodroid,SSL,MITM,Java,Android,
CVE-2014-6006,Google,Mallodroid,SSL,MITM,Java,Android,
CVE-2014-6774,Google,Mallodroid,SSL,MITM,Java,Android,
CVE-2014-6775,Google,Mallodroid,SSL,MITM,Java,Android,
CVE-2014-6771,Google,Mallodroid,SSL,MITM,Java,Android,
CVE-2014-6773,Google,Mallodroid,SSL,MITM,Java,Android,
CVE-2014-6778,Google,Mallodroid,SSL,MITM,Java,Android,
CVE-2014-6705,Google,Mallodroid,SSL,MITM,Java,Android,
CVE-2014-4892,Google,Mallodroid,SSL,MITM,Java,Android,
CVE-2014-6949,Google,Mallodroid,SSL,MITM,Java,Android,
CVE-2014-6948,Google,Mallodroid,SSL,MITM,Java,Android,
CVE-2014-6943,Google,Mallodroid,SSL,MITM,Java,Android,
CVE-2014-6942,Google,Mallodroid,SSL,MITM,Java,Android,
CVE-2014-6941,Google,Mallodroid,SSL,MITM,Java,Android,
CVE-2014-6940,Google,Mallodroid,SSL,MITM,Java,Android,
CVE-2014-6947,Google,Mallodroid,SSL,MITM,Java,Android,
CVE-2014-6946,Google,Mallodroid,SSL,MITM,Java,Android,
CVE-2014-6945,Google,Mallodroid,SSL,MITM,Java,Android,
CVE-2014-6944,Google,Mallodroid,SSL,MITM,Java,Android,
CVE-2014-6671,Google,Mallodroid,SSL,MITM,Java,Android,
CVE-2014-6661,Google,Mallodroid,SSL,MITM,Java,Android,
CVE-2014-6748,Google,Mallodroid,SSL,MITM,Java,Android,
CVE-2014-7387,Google,Mallodroid,SSL,MITM,Java,Android,
CVE-2014-7385,Google,Mallodroid,SSL,MITM,Java,Android,
CVE-2014-7382,Google,Mallodroid,SSL,MITM,Java,Android,
CVE-2014-7380,Google,Mallodroid,SSL,MITM,Java,Android,
CVE-2014-6745,Google,Mallodroid,SSL,MITM,Java,Android,
CVE-2014-7388,Google,Mallodroid,SSL,MITM,Java,Android,
CVE-2014-7389,Google,Mallodroid,SSL,MITM,Java,Android,
CVE-2014-6744,Google,Mallodroid,SSL,MITM,Java,Android,
CVE-2014-6741,Google,Mallodroid,SSL,MITM,Java,Android,
CVE-2014-6712,Google,Mallodroid,SSL,MITM,Java,Android,
CVE-2014-6713,Google,Mallodroid,SSL,MITM,Java,Android,
CVE-2014-6716,Google,Mallodroid,SSL,MITM,Java,Android,
CVE-2014-6718,Google,Mallodroid,SSL,MITM,Java,Android,
CVE-2014-6719,Google,Mallodroid,SSL,MITM,Java,Android,
CVE-2014-7562,Google,Mallodroid,SSL,MITM,Java,Android,
CVE-2014-7563,Google,Mallodroid,SSL,MITM,Java,Android,
CVE-2014-7449,Google,Mallodroid,SSL,MITM,Java,Android,
CVE-2014-7445,Google,Mallodroid,SSL,MITM,Java,Android,
CVE-2014-7444,Google,Mallodroid,SSL,MITM,Java,Android,
CVE-2014-7447,Google,Mallodroid,SSL,MITM,Java,Android,
CVE-2014-7446,Google,Mallodroid,SSL,MITM,Java,Android,
CVE-2014-7441,Google,Mallodroid,SSL,MITM,Java,Android,
CVE-2014-6921,Google,Mallodroid,SSL,MITM,Java,Android,
CVE-2014-6920,Google,Mallodroid,SSL,MITM,Java,Android,
CVE-2014-6923,Google,Mallodroid,SSL,MITM,Java,Android,
CVE-2014-6922,Google,Mallodroid,SSL,MITM,Java,Android,
CVE-2014-6925,Google,Mallodroid,SSL,MITM,Java,Android,
CVE-2014-6924,Google,Mallodroid,SSL,MITM,Java,Android,
CVE-2014-6927,Google,Mallodroid,SSL,MITM,Java,Android,
CVE-2014-6926,Google,Mallodroid,SSL,MITM,Java,Android,
CVE-2014-6929,Google,Mallodroid,SSL,MITM,Java,Android,
CVE-2014-6928,Google,Mallodroid,SSL,MITM,Java,Android,
CVE-2014-7113,Google,Mallodroid,SSL,MITM,Java,Android,
CVE-2014-6759,Google,Mallodroid,SSL,MITM,Java,Android,
CVE-2014-6757,Google,Mallodroid,SSL,MITM,Java,Android,
CVE-2014-7633,Google,Mallodroid,SSL,MITM,Java,Android,
CVE-2014-7630,Google,Mallodroid,SSL,MITM,Java,Android,
CVE-2014-7631,Google,Mallodroid,SSL,MITM,Java,Android,
CVE-2014-6896,Google,Mallodroid,SSL,MITM,Java,Android,
CVE-2014-6647,Google,Mallodroid,SSL,MITM,Java,Android,
CVE-2014-7590,Google,Mallodroid,SSL,MITM,Java,Android,
CVE-2014-7676,Google,Mallodroid,SSL,MITM,Java,Android,
CVE-2014-6730,Google,Mallodroid,SSL,MITM,Java,Android,
CVE-2014-6731,Google,Mallodroid,SSL,MITM,Java,Android,
CVE-2014-6732,Google,Mallodroid,SSL,MITM,Java,Android,
CVE-2014-6733,Google,Mallodroid,SSL,MITM,Java,Android,
CVE-2014-6734,Google,Mallodroid,SSL,MITM,Java,Android,
CVE-2014-6736,Google,Mallodroid,SSL,MITM,Java,Android,
CVE-2014-6737,Google,Mallodroid,SSL,MITM,Java,Android,
CVE-2014-5829,Google,Mallodroid,SSL,MITM,Java,Android,
CVE-2014-5828,Google,Mallodroid,SSL,MITM,Java,Android,
CVE-2014-5824,Google,Mallodroid,SSL,MITM,Java,Android,
CVE-2014-5827,Google,Mallodroid,SSL,MITM,Java,Android,
CVE-2014-7469,Google,Mallodroid,SSL,MITM,Java,Android,
CVE-2014-7468,Google,Mallodroid,SSL,MITM,Java,Android,
CVE-2014-7462,Google,Mallodroid,SSL,MITM,Java,Android,
CVE-2014-7461,Google,Mallodroid,SSL,MITM,Java,Android,
CVE-2014-7460,Google,Mallodroid,SSL,MITM,Java,Android,
CVE-2014-7466,Google,Mallodroid,SSL,MITM,Java,Android,
CVE-2014-7465,Google,Mallodroid,SSL,MITM,Java,Android,
CVE-2014-7464,Google,Mallodroid,SSL,MITM,Java,Android,
CVE-2014-5960,Google,Mallodroid,SSL,MITM,Java,Android,
CVE-2014-5962,Google,Mallodroid,SSL,MITM,Java,Android,
CVE-2014-6907,Google,Mallodroid,SSL,MITM,Java,Android,
CVE-2014-6905,Google,Mallodroid,SSL,MITM,Java,Android,
CVE-2014-6901,Google,Mallodroid,SSL,MITM,Java,Android,
CVE-2014-6900,Google,Mallodroid,SSL,MITM,Java,Android,
CVE-2014-7038,Google,Mallodroid,SSL,MITM,Java,Android,
CVE-2014-7035,Google,Mallodroid,SSL,MITM,Java,Android,
CVE-2014-7033,Google,Mallodroid,SSL,MITM,Java,Android,
CVE-2014-5937,Google,Mallodroid,SSL,MITM,Java,Android,
CVE-2014-7618,Google,Mallodroid,SSL,MITM,Java,Android,
CVE-2014-7614,Google,Mallodroid,SSL,MITM,Java,Android,
CVE-2014-7616,Google,Mallodroid,SSL,MITM,Java,Android,
CVE-2014-7617,Google,Mallodroid,SSL,MITM,Java,Android,
CVE-2014-7611,Google,Mallodroid,SSL,MITM,Java,Android,
CVE-2014-7612,Google,Mallodroid,SSL,MITM,Java,Android,
CVE-2009-0689,Google,KDE,KDELibs,remote array overrun,artitrary code execution,netbsd,
CVE-2014-7403,Google,Mallodroid,SSL,MITM,Java,Android,
CVE-2014-7405,Google,Mallodroid,SSL,MITM,Java,Android,
CVE-2014-7406,Google,Mallodroid,SSL,MITM,Java,Android,
CVE-2014-7408,Google,Mallodroid,SSL,MITM,Java,Android,
CVE-2014-5871,Google,Mallodroid,SSL,MITM,Java,Android,
CVE-2014-6967,Google,Mallodroid,SSL,MITM,Java,Android,
CVE-2014-6963,Google,Mallodroid,SSL,MITM,Java,Android,
CVE-2014-6668,Google,Mallodroid,SSL,MITM,Java,Android,
CVE-2014-5867,Google,Mallodroid,SSL,MITM,Java,Android,
CVE-2014-7643,Google,Mallodroid,SSL,MITM,Java,Android,
CVE-2014-7640,Google,Mallodroid,SSL,MITM,Java,Android,
CVE-2014-6675,Google,Mallodroid,SSL,MITM,Java,Android,
CVE-2014-6674,Google,Mallodroid,SSL,MITM,Java,Android,
CVE-2014-6676,Google,Mallodroid,SSL,MITM,Java,Android,
CVE-2014-6670,Google,Mallodroid,SSL,MITM,Java,Android,
CVE-2014-6673,Google,Mallodroid,SSL,MITM,Java,Android,
CVE-2014-7428,Google,Mallodroid,SSL,MITM,Java,Android,
CVE-2014-7427,Google,Mallodroid,SSL,MITM,Java,Android,
CVE-2014-7671,Google,Mallodroid,SSL,MITM,Java,Android,
CVE-2014-7677,Google,Mallodroid,SSL,MITM,Java,Android,
CVE-2014-7674,Google,Mallodroid,SSL,MITM,Java,Android,
CVE-2014-6807,Google,Mallodroid,SSL,MITM,Java,Android,
CVE-2014-6808,Google,Mallodroid,SSL,MITM,Java,Android,
CVE-2014-7098,Google,Mallodroid,SSL,MITM,Java,Android,
CVE-2014-7092,Google,Mallodroid,SSL,MITM,Java,Android,
CVE-2014-7093,Google,Mallodroid,SSL,MITM,Java,Android,
CVE-2014-7090,Google,Mallodroid,SSL,MITM,Java,Android,
CVE-2014-7091,Google,Mallodroid,SSL,MITM,Java,Android,
CVE-2014-7791,Google,Mallodroid,SSL,MITM,Java,Android,
CVE-2014-7793,Google,Mallodroid,SSL,MITM,Java,Android,
CVE-2014-7795,Google,Mallodroid,SSL,MITM,Java,Android,
CVE-2014-7794,Google,Mallodroid,SSL,MITM,Java,Android,
CVE-2014-7797,Google,Mallodroid,SSL,MITM,Java,Android,
CVE-2014-7796,Google,Mallodroid,SSL,MITM,Java,Android,
CVE-2014-7798,Google,Mallodroid,SSL,MITM,Java,Android,
CVE-2014-5860,Google,Mallodroid,SSL,MITM,Java,Android,
CVE-2014-5862,Google,Mallodroid,SSL,MITM,Java,Android,
CVE-2014-5865,Google,Mallodroid,SSL,MITM,Java,Android,
CVE-2014-5864,Google,Mallodroid,SSL,MITM,Java,Android,
CVE-2014-5866,Google,Mallodroid,SSL,MITM,Java,Android,
CVE-2014-5869,Google,Mallodroid,SSL,MITM,Java,Android,
CVE-2014-5868,Google,Mallodroid,SSL,MITM,Java,Android,
CVE-2014-7425,Google,Mallodroid,SSL,MITM,Java,Android,
CVE-2014-7422,Google,Mallodroid,SSL,MITM,Java,Android,
CVE-2014-7420,Google,Mallodroid,SSL,MITM,Java,Android,
