CVE-2002-1048,HP,Hewlett Packard,JetDirect,Telnet,HTTP,
CVE-2008-0712,HP,Software Update,HPeDiag ActiveX control,information disclosure,arbitrary code execution,
CVE-2012-2561,HP,HPBSM,Remote Code,
CVE-2008-0212,HP,OpenView,Network Node Manager,OV NNM,denial of service,
CVE-2007-4349,HP,OpenView Products,Shared Trace Service,DoS,Denial of Service,
CVE-2006-4015,HP,ProCurve Series Switches,DoS,denial of service,
CVE-2002-1426,HP,Hewlett Packard,ProCurve Switches,DoS,denial of service,
CVE-2007-3180,HP,Help and Support Center,buffer overflow,
CVE-2006-3097,HP,Hewlett-Packard,Support Tools Manager,DoS,xstm,
CVE-2008-0708,HP,USB Floppy Drive Key,ProLiant Servers,W32.Fakerecy,W32.SillyFDC virus infection,
CVE-2008-0709,HP,Hewlett-Packard,Select Identity Software,multiple vulnerabilities,unauthorized access,
CVE-2006-4201,HP,OpenView,Storage Data Protector,arbitrary command execution,remote unauthorized user,
CVE-2008-3545,HP,OpenView Network Node Manager,denial of service,DoS,
CVE-2008-3540,HP,OpenVMS SMGRTL,Run Time Library,privilege escalation,local authorized user,
CVE-2008-0068,HP,OpenView Network Node Manager,NNM,directory traversal,NULL pointer,
CVE-2006-2574,HP,Hewlett-Packard,Software Distributor,privilege escalation,
CVE-2006-2579,HP,Hewlett-Packard,OpenView,Storage Data Protector,arbitrary command execution,
CVE-2009-2685,HP,Power Manager,arbritrary code execution,HPSN-2008-002,
CVE-2009-2682,HP,HP-UX,RBAC,11i v3,11i v2,
CVE-2009-2683,HP,RGS,HPSBMA02461 SSRT090187,HPSN-2008-002,
CVE-2014-7886,HP,hp,clickjacking,xss,csrf,
CVE-2009-2680,HP,RIM,DoS,MSL Libraries,G2,
CVE-2007-3872,HP,Hewlett-Packard,OpenView Operations,OVTrace,stack overflow,
CVE-2008-4419,HP,laserjet,information disclosure,input validation,
CVE-2013-6193,HP,printers,denial-of-service,DoS,CWE-410,
CVE-2001-0629,HP,Hewlett Packard,OpenView,Network Node Manager,NNM,
CVE-2006-2551,HP,Hewlett-Packard,HP-UX,DoS,
CVE-2000-0443,HP,Web JetAdmin,directory traversal,
CVE-2000-0444,HP,JetAdmin,DoS,
CVE-2007-6194,HP,Select Identity,authentication bypass,
CVE-2001-0608,HP,MPE/ix,AIF,AIFCHANGELOGON,HPSBMP0103-011,
CVE-2001-0606,HP,Hewlett Packard,VirtualVault,iPlanet,HPSBUX0102-139,
CVE-2006-0527,HP,Hewlett-Packard,HP-UX,bind,information disclosure,
CVE-2012-5215,HP,LaserJet,telnet,debug,
CVE-2000-0251,HP,VirtualVault,
CVE-2008-0211,HP,Compaq Business Notebook,PC BIOS,local DoS,denial of service,
CVE-2006-6608,HP,Integrated Lights Out,iLO,authentication bypass,SSH,
CVE-2007-3730,HP,TCP/IP Services for OpenVMS,POP server,
CVE-2014-4661,HP,hp,records manager,xss,cwe-79,
CVE-2008-4412,HP,Systems Insight Manager,SIM,HP-UX,Linux,
CVE-2008-4411,HP,System Management Homepage,SMH,Cross Site Scripting,XSS,
CVE-2013-3576,HP,hp,system,management,homepage,command,
CVE-2006-5300,HP,Version Control Agent,privilege escalation,
CVE-2009-3842,HP,HPSBPI02472 SSRT090196,HPSN-2008-002,Laserjet,DoS,
CVE-2011-4788,HP,StorageWorks,P2000,G3,directory traversal,
CVE-2014-2640,HP,XSS,CWE-79,
CVE-2007-3487,HP,Digital Imaging,ActiveX control,arbitrary file overwrite,HPQXML.XMLData.1,
CVE-2006-0436,HP,HP-UX,privilege escalation,
CVE-2004-1236,HP,Netscape,Sun,Directory Server,LDAP,
CVE-2005-3670,HP,HP-UX,IPSec,DoS,IKE,
CVE-2002-1202,HP,Tru64,UNIX,routed,local access to files,
CVE-2005-2773,HP,OpenView,Network Node Manager,arbitrary command execution,node parameter,
CVE-2013-4821,HP,system management,denial-of-service,DoS,stack corruption,
CVE-2007-4350,HP,SiteScope,SNMP Trap,Script Insertion,xss,
CVE-2008-0711,HP,Integrity Servers iLO-2 Management Processors,iLO-2 MP,DoS,denial of service,
CVE-2012-3268,HP,hp,h3c,huawei,snmp,
CVE-2006-3335,HP,Hewlett-Packard,HP-UX,mkdir,privilege escalation,
CVE-2000-0702,HP,hp,net.init,file overwrite,
CVE-2007-6204,HP,OpenView,Network Node Manager,arbitrary code execution,
CVE-2007-0206,HP,OpenView,Network Node Manager,OV NNM,information disclosure,
CVE-2008-0213,HP,Virtual Rooms,HPVR,arbitrary code execution,
CVE-2008-0214,HP,Select Identity Software,Remote Unauthorized Access,
CVE-2007-1772,HP,Jetdirect,DoS,denial of service,ftp,
CVE-2008-1697,HP,OpenView,Network Node Manager,boundary error,ovwparser.dll,
CVE-2012-2960,HP,hp,arcsight,logger,xss,
CVE-2008-0706,HP,Compaq Notebook,PC BIOS,local unauthorized access,
CVE-2008-0704,HP,OpenVMS,SSH,TCP/IP Services,remote unauthorized access,
CVE-2009-0208,HP,VirtualRooms,ActiveX,Internet Explorer,Dranzer,
CVE-2007-6519,HP,Tru64 UNIX,DoS,denial of service,FFM,
CVE-2008-3658,HP,Secure Web Server,Tru64 UNIX,Internet Express,PHP,
CVE-2008-1667,HP,OpenView Internet Services,Probe Builder,DoS,denial of service,
CVE-2008-1663,HP,System Management Homepage,xss,cross-site scripting,SMH for Linux,
CVE-2008-3539,HP,OpenView,information disclosure,unspecified error,HP OpenView Select Identity Connectors,
CVE-2002-1147,HP,ProCurve,4000M,stacked switch,no authentication,
CVE-2006-5782,HP,OpenView,Client Configuration Manager Device,radexecd.exe,arbitrary command execution,
CVE-2006-1509,HP,Hewlett-Packard,HP-UX,passwd,DoS,
CVE-2007-5413,HP,OpenView,Products,information disclosure,httpd.tkd,
CVE-2006-4820,HP,HP-UX,DoS,Denial of Service,X.25,
CVE-2002-0993,HP,Hewlett Packard,Instant Support Enterprise Edition,ISEE,unauthenticated user,
CVE-2002-0992,HP,Hewlett Packard,DCE client,DCE daemon,dced,
CVE-2008-3542,HP,Insight Diagnostics,remote unauthorized access,
CVE-2005-1370,HP,Hewlett Packard,OpenView,RMP,
CVE-2002-1128,HP,Tru64,UNIX,inc mail incorporation utility,buffer overflow,
CVE-2002-1127,HP,Tru64,UNIX,buffer overflow,long string of characters,
CVE-2011-0770,HP,ArcSight,XSS,
CVE-2007-0446,HP,Mercury LoadRunner,arbitrary code execution,magentproc.exe,TCP port 54345,
CVE-2003-0169,HP,INstant TopTools,DoS,denial of service,HTTP request,
CVE-2002-0093,HP,Hewlett Packard,Tru64,inter-process communication status,IPCS utility,
CVE-2002-0711,HP,TruCluster Server,DoS,denial of service,SSRT2265,
CVE-2007-3729,HP,TCP/IP Services for OpenVMS,POP server,user enumeration,
CVE-2001-0552,HP,Tivoli,netview,Hewlett Packard OpenView Network Node Manager,NNM,
CVE-2007-0819,HP,Network Node Manager,arbitrary file access,NNM,C:\Program Files\HP OpenView,
CVE-2008-1665,HP,Select Identity,Active Directory,Bidirectional LDAP Connector,remote unauthorized access,
CVE-2008-1661,HP,StorageWorks,Storage Mirroring Software,arbitrary code execution,
CVE-2012-2986,HP,Virtual SAN,command injection,cwe-77,
CVE-2009-2684,HP,XSS,Remote Cross Site Scripting,
CVE-2002-1129,HP,Tru64,UNIX,dxterm,buffer overflow,
CVE-2009-2681,HP,HPSBGN02441,SSRT090082,ProCurve,IDM,
