CVE-2007-4923,Joomla,joomlaradio Component,file inclusion,mosConfig_live_site,admin.joomlaradiov5.php,
CVE-2008-3225,Joomla,unspecified error,LDAP,file caching,
CVE-2007-4777,Joomla,SQL injection,archive section,
CVE-2007-4778,Joomla,SQL injection,filter,section.php,archive.php,
CVE-2007-4779,Joomla,XSS,cross-site scripting,archive section,
CVE-2008-2892,Joomla,EXP Shop Component,sql injection,catid parameter,index.php,
CVE-2013-5576,Joomla,CMS,
CVE-2006-4130,Joomla,Mambo,Component Remository,arbitrary file inclusion,mosConfig_absolute_path,
CVE-2006-6419,Joomla,JCE Admin Component,file inclusion,jce.php,plugin,
CVE-2008-3265,Joomla,DT Register Component,sql injection,eventId parameter,index.php,
CVE-2007-4954,Joomla,Joomla!12Pictures Component,remote file inclusion,mosConfig_live_site parameter,com_joom12pic/admin.joom12pic.php,
CVE-2007-4955,Joomla,Joomla!FlashFun Component,remote file inclusion,mosConfig_live_site parameter,com_joomlaflashfun/admin.joomlaflashfun.php,
CVE-2007-6643,Joomla,xss,cross-site scripting,arbitrary code execution,poll options,
CVE-2008-1427,Joomla,Acajoom PRO Component,sql injection,mailingid parameter,index.php,
CVE-2006-4553,Joomla,Community Builder component,file inclusion,mosConfig_absolute_path parameter,/com_comprofiler/plugin.class.php,
CVE-2007-4503,Joomla,Nice Talk Component,SQL injection,tagid,
CVE-2007-4781,Joomla,arbitrary file upload,administrator/index.php,com_installer,
CVE-2007-4506,Joomla,NeoRecruit Component,SQL injection,id,index.php,
CVE-2007-4817,Joomla,Restaurante Component,arbitrary file upload,img_original,
CVE-2007-4780,Joomla,path information disclosure,tmpl/,
CVE-2006-4129,Joomla,Webring Component,file inclusion,component_dir parameter,admin.webring.docs.php,
CVE-2006-6420,Joomla,JCE Admin Component,xss,cross-site scripting,jce.php,
CVE-2007-6663,Joomla,PU Arcade Component,sql injection,fid parameter,index.php,
CVE-2007-6642,Joomla,cross-site request forgery,xsrf,HTTP requests,
CVE-2006-3969,Joomla,Colophon Component,file inclusion,mosConfig_absolute_path parameter,admin.colophon.php,
