CVE-2006-5273,Mcafee,McAfee,ePolicy Orchestrator,ProtectionPilot,Common Management Agent,heap overflow,
CVE-2006-5272,Mcafee,McAfee,ePolicy Orchestrator,ProtectionPilot,Common Management Agent,stack overflow,
CVE-2006-5271,Mcafee,McAfee,ePolicy Orchestrator,ProtectionPilot,Common Management Agent,integer underflow,
CVE-2006-5274,Mcafee,McAfee,ePolicy Orchestrator,ProtectionPilot,Common Management Agent,DoS,
CVE-2005-0644,Mcafee,McAfee,buffer overflow,specially crafted,LHA,AV scanning engine,
CVE-2002-0690,Mcafee,McAfee,ePolicy Orchestrator,no authentication,information disclosure,log data,
CVE-2007-2957,Mcafee,McAfee,E-Business Server,arbitrary code execution,integer overflow,crafted authentication packet,
CVE-2010-1885,Mcafee,Symantec,poc,
CVE-2005-1107,Mcafee,McAfee,Internet Security Suite,insecure default ACLs,privilege escalation,
CVE-2015-2859,Mcafee,McAfee,ePO,man-in-the-middle,
CVE-2008-1855,Mcafee,McAfee,Common Management Agent,CMA,DoS,denial of service,
CVE-2006-6474,Mcafee,McAfee,VirusScan Command Line Scanner,privilege escalation,DT_RPATH,
CVE-2005-0133,Mcafee,Check Point Firewall,McAfee,ISS Proventia,Ironport AsyncOS,TippingPoint UnityOne Intrusion Prevention Systems,
CVE-2013-3627,Mcafee,McAfee,managed agent,denial-of-service,DoS,CWE-400,
CVE-2004-0038,Mcafee,McAfee,ePolicy Orchestrator,arbitrary command execution,
CVE-2006-0559,Mcafee,McAfee,WebShield,format string error,arbitrary code execution,bounce message,
CVE-2001-0612,Mcafee,McAfee,Remote Desktop,DoS,packet flood,port 5045,
CVE-2004-0095,Mcafee,McAfee,ePolicy,Orchestrator Agent,DoS,denial of service,
CVE-2006-3961,Mcafee,McAfee,Subscription Manager,ActiveX control,stack buffer overflow,McSubMgr.dll,
