CVE-2004-1050,Microsoft,Internet Explorer,buffer overflow,IFRAME,FRAME,
CVE-2010-3214,Microsoft,Office,Word,Buffer Overflow,
CVE-2007-0352,Microsoft,Help Workshop,buffer overflow,.CNT help content file,
CVE-2006-4446,Microsoft,ActiveX,Internet Explorer,IE,heap overflow,
CVE-2003-0231,Microsoft,SQL Server,DoS,denial of service,large packet,
CVE-2006-5584,Microsoft,Remote Installation Service,RIS,TFTP,ms06-dec,
CVE-2002-1214,Microsoft,PPTP Service,buffer overflow,pre-authentication,crafted packet,
CVE-2004-0197,Microsoft,Jet Database Engine,buffer overflow,specially crafted database request,Q323166,
CVE-2004-0199,Microsoft,Cross-Domain,Help and Support Center,HCP,remote code execution,
CVE-2003-0806,Microsoft,Windows logon process,Winlogon,domain value,logon process,
CVE-2007-1090,Microsoft,Windows Explorer,DoS,denial of service,WMF,
CVE-2007-1091,Microsoft,Internet Explorer,address bar spoofing,onunload events,ms07-oct,
CVE-2002-1262,Microsoft,Internet Explorer,object caching,Document Object Model,DOM,
CVE-2008-2248,Microsoft,Outlook Web Access for Exchange Server,HMTL Parsing,Cross-Site Scripting,ms08-jul,
CVE-2008-2244,Microsoft,Word,remote code execution,
CVE-2003-0004,Microsoft,Windows XP Redirector,buffer overflow,long parameter,Q810577,
CVE-2007-0945,Microsoft,Internet Explorer,remote code execution,property method,ms07-may,
CVE-2003-0007,Microsoft,Outlook 2002,information disclosure,encrypt messages,V1 Exchange Server Security certificate,
CVE-2003-0009,Microsoft,Windows ME,XP,Help and Support Center,buffer overflow,
CVE-2005-3312,Microsoft,Internet Explorer,IE,CSS,cross-site scripting,
CVE-2010-2738,Microsoft,office,Uniscribe,Unicode,Scripts Processor,
CVE-2008-1437,Microsoft,Malware Protection Engine,DoS,denial of service,specially crafted files,
CVE-2008-1434,Microsoft,Word,remote code execution,Word files,malformed CSS value,
CVE-2008-1438,Microsoft,Malware Protection Engine,DoS,denial of service,disk-space exhaustion,
CVE-2006-0034,Microsoft,Distributed Transaction Coordinator,MSDTC,DoS,denial of service,
CVE-2003-0532,Microsoft,Internet Explorer,validate object type,web server,Q822925,
CVE-2006-3942,Microsoft,Windows,DoS,denial of service,null pointer dereference,
CVE-2007-3027,Microsoft,Internet Explorer,remote code execution,language pack installations,ms07-jun,
CVE-2007-3029,Microsoft,Excel,Worksheet,remote code execution,malformed Excel files,
CVE-2007-3028,Microsoft,Windows,Active Directory,DoS,denial of service,
CVE-2002-1230,Microsoft,Windows,NetDDE agent,winlogon process,WM_COPYDATA,
CVE-1999-0898,Microsoft,MS99-047,Malformed Spooler Request,
CVE-2004-0420,Microsoft,Windows,Windows Shell,lauch application,CLSID,
CVE-2009-1808,Microsoft,windows,xp,server,denial-of-service,
CVE-2007-4991,Microsoft,ISA Server,SOCKS4 Proxy,information disclosure,last proxied address,
CVE-2003-0663,Microsoft,Windows 2000,Local Security Authority Subsystem Service,LSASS,Lightweight Directory Access Protocol,
CVE-2004-0124,Microsoft,Windows,COM object identifiers,Q828741,MS04-012,
CVE-2003-0232,Microsoft,SQL Server,buffer overflow,crafted packet,local procedure call,
CVE-2003-0230,Microsoft,SQL Server,checking method,named pipe hijacking,Q815495,
CVE-2009-0075,Microsoft,Secruity bulletin,february,2009,ms09-002,
CVE-2004-1166,Microsoft,Internet Explorer,IE,privilege escalation,FTP links,
CVE-2004-0568,Microsoft,HyperTerminal,buffer overrun,remote code execution,
CVE-2004-0569,Microsoft,Windows,RPC,runtime library,unchecked buffer,
CVE-2004-0566,Microsoft,Internet Explorer,integer overflow,bitmap files,BMP,
CVE-2004-0567,Microsoft,Windows Internet Naming Service,WINS,computer name validation,remote code execution,
CVE-2007-5344,Microsoft,Internet Explorer,arbitrary code execution,ms07-dec,
CVE-2003-0904,Microsoft,Outlook Web Access,OWA,user credentials,improper mailbox,
CVE-2003-0907,Microsoft,Windows,Help and Support Center,HCP,HCP URL,
CVE-2007-0065,Microsoft,Windows,remote code execution,OLE automation,ms08-feb,
CVE-2006-0012,Microsoft,Windows,Explorer,remote code execution,COM objects,
CVE-2006-0013,Microsoft,Windows,remote code execution,Web Client,MS06-008,
CVE-2007-5587,Microsoft,Macrovision,SafeDisc,secdrv.sys,buffer overflow,METHOD_NEITHER IOCTL,
CVE-2004-1319,Microsoft,Internet Explorer,DHTML Edit Control,DHTML Editing Control,ActiveX,
CVE-2002-0364,Microsoft,Internet Information Server,IIS,remote buffer overflow,arbitrary code execution,
CVE-2002-0698,Microsoft,Exchange 5.5,Internet Mail Connector,IMC,buffer overflow,
CVE-2002-0699,Microsoft,Windows,Certificate Enrollment Control,arbitrary users,delete certificate,
CVE-2002-0692,Microsoft,SmartHTML Interpreter,shtml.dll,Frontpage Server Extensions,buffer overflow,
CVE-2002-0696,Microsoft,Visual FoxPro,filename,lauch application,.app file,
CVE-2007-4916,Microsoft,Windows,MFC Library,MFC42,MFC71,
CVE-2006-3864,Microsoft,Office,remote code execution,parse a file,malformed record,
CVE-1999-0384,Microsoft,microsoft,activeX,forms,visual basic,office97,
CVE-2003-0010,Microsoft,Windows,Script Engine,JScript,Q814078,
CVE-2007-2237,Microsoft,Windows,GDI+,DoS,denial of service,
CVE-2007-2581,Microsoft,SharePoint,XSS,cross-site scripting,URL,
CVE-2006-6561,Microsoft,Word,remote code execution,client-side,file-format,
CVE-2004-0549,Microsoft,Internet Explorer,modal dialog,showmodaldialog,race,
CVE-2003-0605,Microsoft,Windows,RPC service,denial of service,VU#483492,
CVE-2002-0228,Microsoft,MSN Messenger,arbitrary web site,contact information,email address,
CVE-2007-0515,Microsoft,Word,2000,remote code execution,Trojan.Mdropper.W,
CVE-2007-0040,Microsoft,Windows,Active Directory,remote code execution,LDAP requests,
CVE-2002-0980,Microsoft,Internet Explorer,vmlframe,My Computer Zone,web folder,
CVE-2006-5559,Microsoft,Internet Explorer,DoS,denial of service,ADODB.Connection,
CVE-2007-0221,Microsoft,Exchange Server,DoS,denial of service,invalid IMAP requests,
CVE-2004-0845,Microsoft,Internet Explorer,cached HTTPS contents,MS04-038,ssl caching,
CVE-2004-0844,Microsoft,Internet Explorer,address bar spoofing,double byte character set systems,MS04-038,
CVE-2004-0840,Microsoft,Windows,SMTP component,remote code execution,MS04-035,
CVE-2004-0843,Microsoft,Internet Explorer,navigations from plug-ins,MS04-038,plugins,
CVE-2004-0842,Microsoft,Internet Explorer,unchecked buffer,CSS,MS04-038,
CVE-2004-0848,Microsoft,microsoft,office xp,buffer overflow,URL handling,
CVE-2000-0323,Microsoft,MS,ODBCJT32.DLL,MDAC,Microsoft Data Access Components,
CVE-2007-0069,Microsoft,Windows Kernel,privilege escalation,TCP/IP structures,IGMPv3 queries,
CVE-2005-1212,Microsoft,Step-by-Step Interactive Training,buffer overflow,specially crafted bookmark,MS05-031,
CVE-2006-4534,Microsoft,Word 2000,malformed string,memory corruption,ms06-oct,
CVE-2007-0064,Microsoft,Windows Media Format Runtime,heap buffer overflow,arbitrary code execution,ms07-dec,
CVE-2008-3007,Microsoft,Office,remote code execution,OneNote protocol handler,ms08-sep,
CVE-2007-0219,Microsoft,Internet Explorer,IE,remote code execution,COM objects,
CVE-2007-0218,Microsoft,Internet Explorer,remote code execution,instantiate COM objects,ms07-jun,
CVE-2007-0211,Microsoft,Windows Shell,privilege escalation,ms07-feb,
CVE-2007-0210,Microsoft,Windows XP,privilege escalation,image acquisition,ms07-feb,
CVE-2007-0213,Microsoft,Exchange Server,remote code execution,crafted email messages,ms07-may,
CVE-2007-0215,Microsoft,Excel,remote code execution,BIFF records,ms07-may,
CVE-2007-0214,Microsoft,HTML Help,ActiveX control,remote code execution,Web page,
CVE-2007-0217,Microsoft,Internet Explorer,IE,remote code execution,FTP servers,
CVE-2007-0216,Microsoft,Works,File Converter,remote code execution,section length headers,
CVE-2002-1217,Microsoft,Internet Explorer,letter case,Document property,My Computer Zone,
CVE-2001-0373,Microsoft,Windows NT,user.dmp,Dr. Watson,
CVE-2007-2217,Microsoft,Kodak Image Viewer,remote code execution,crafted image files,ms07-oct,
CVE-2007-2216,Microsoft,tblinf32.dll,arbitrary code execution,ActiveX control,vstlbinf.dll,
CVE-2007-2219,Microsoft,Windows,remote code execution,Win32 API,ms07-jun,
CVE-2003-0714,Microsoft,Exchange Server,DoS,denial of service,consume all resources,
CVE-2003-0715,Microsoft,Windows,remote,RPC,buffer overflow,
CVE-2003-0711,Microsoft,Help and Support Center,HCP,buffer overflow,Q825119,
CVE-2005-0810,Microsoft,NotifyLink,BlackBerry,Palm,IMAP,SQL,
CVE-2010-3228,Microsoft,.NET Framework,JIT Compiler,arbitrary code,corrupt memory,
CVE-2001-1410,Microsoft,Internet Explorer,window.createPopup() function,chromeless window,phishing,
CVE-2006-1016,Microsoft,Internet Explorer,buffer overflow,isComponentInstalled(),
CVE-2004-0214,Microsoft,Windows,buffer overflow,Shell,MS04-037,
CVE-2004-0215,Microsoft,Outlook Express,malformed,e-mail header,denial of service,
CVE-2004-0216,Microsoft,Internet Explorer,unchecked buffer,install engine,MS04-038,
CVE-2004-0210,Microsoft,Windows,buffer overflow,POSIX subsystem,Q841872,
CVE-2004-0211,Microsoft,Windows,kernel,denial of service,DoS,
CVE-2004-0213,Microsoft,Windows,Utility Manager,privilege escalation,Q842526,
CVE-2007-1205,Microsoft,Windows,Agent,crafted URLs,ms07-apr,
CVE-2007-1206,Microsoft,Windows,Kernel,privilege escalation,incorrect permissions,
CVE-2007-1751,Microsoft,Internet Explorer,remote code execution,objects,not correctly initialized,
CVE-2007-1756,Microsoft,Excel,remote code execution,malformed Excel files,ms07-jul,
CVE-2007-1754,Microsoft,Office Publisher,remote code execution,.pub pages,ms07-jul,
CVE-2007-0026,Microsoft,Windows,OLE Dialog component,remote code execution,RTF file,
CVE-2007-0027,Microsoft,Excel,BMP images,ms07-jan,IMDATA,
CVE-2007-0024,Microsoft,VML,Vector Markup Language,remote code execution,Web page,
CVE-2007-0028,Microsoft,Excel,Internet Explorer,arbitrary code execution,specially crafted,
CVE-2007-0029,Microsoft,Excel,remote code execution,ms07-jan,
CVE-2002-0869,Microsoft,Internet Information Server,IIS,ISAPI,LocalSystem context,
CVE-2002-0866,Microsoft,Java Virtual Machine,MS02-052,JDBC,DLL,
CVE-2002-0863,Microsoft,Windows,Remote Desktop Protocol,RDP,checksum,
CVE-2006-3648,Microsoft,Windows,kernel,remote code execution,exception handling,
CVE-2006-3647,Microsoft,Word,remote code execution,parse a file,malformed string,
CVE-2006-3640,Microsoft,Internet Explorer,IE,information disclosure,location of a Window,
CVE-2006-3643,Microsoft,Windows,Management Console,MMC,remote code execution,
CVE-2003-1567,Microsoft,Internet Information Server,cross-site scripting,css,HTTP TRACK method,
CVE-2007-4790,Microsoft,Fox Pro,remote code execution,crafted Web page,ms08-feb,
CVE-2010-0249,Microsoft,Microsoft Security Advisory (979352),remote code execution,microsoft,internet explorer,use-after-free,
CVE-2015-0008,Microsoft,microsoft,windows,group policy,universal naming convention,unc,
CVE-2008-2245,Microsoft,Color Management System,MSCMS module,remote code execution,Microsoft ICM component,
CVE-2007-0944,Microsoft,Internet Explorer,access deleted objects,ms07-may,
CVE-2000-0485,Microsoft,SQL Server,DTS,password disclosure,
CVE-2007-0940,Microsoft,Cryptographic API Component Object Model,remote code execution,CAPICOM,ms07-may,
CVE-2007-0942,Microsoft,Internet Explorer,IE,DoS,denial of service,
CVE-2003-0228,Microsoft,Windows Media Player,URL,hex-encoded backslash,WMZ,
CVE-2009-0238,Microsoft,Excel,Security Advisory,968272,remote code execution,
CVE-2009-0234,Microsoft,ms09-mar,Critical,Important,MS09-006,
CVE-2003-0224,Microsoft,Internet Information Server,IIS,server side include,SSI,
CVE-2000-0884,Microsoft,iis,security,unicode,microsoft,traversal,
CVE-2003-0226,Microsoft,Internet Information Server,IIS,DoS,denial of service,
CVE-2003-0227,Microsoft,Windows Media Services,nsiislog.dll,ISAPI extension,Q817772,
CVE-2000-1209,Microsoft,ms,SQL,Server,password,
CVE-2006-0021,Microsoft,Windows,TCP/IP,DoS,denial of service,
CVE-2006-0022,Microsoft,PowerPoint,arbitrary code execution,malformed record,ms06-june,
CVE-2001-0147,Microsoft,Windows 2000,Event Viewer,snap-in,MMC,
CVE-2001-0146,Microsoft,Windows 2000,Internet Information Server,IIS,Exchange 2000,
CVE-2001-0145,Microsoft,Outlook,Outlook Express 5.01,5.5,Outlook 97,
CVE-2001-0149,Microsoft,Windows Scripting Host,Internet Explorer,IE,Frame Domain Verification,
CVE-2001-0148,Microsoft,Internet Explorer,IE,Frame Domain Verification,MS01-015,
CVE-2005-0812,Microsoft,NotifyLink,BlackBerry,Palm,IMAP,SQL,
CVE-2007-1204,Microsoft,Windows,XP,UPnP,remote code execution,
CVE-2007-1203,Microsoft,Excel,set font values,ms07-may,
CVE-2007-1202,Microsoft,Word,remote code execution,crafted rich text files,ms07-may,
CVE-2007-1750,Microsoft,Internet Explorer,remote code execution,CSS tags,ms07-jun,
CVE-2007-3826,Microsoft,Internet Explorer,browser entrapment,document.open() calls,onBeforeUnload,
CVE-1999-0668,Microsoft,MS,IE,Internet Explorer,ActiveX,
CVE-2003-0349,Microsoft,Windows Media Services,nsiislog.dll,incoming client requests,Q822343,
CVE-2003-0348,Microsoft,Windows Media Player 9,ActiveX control,Media Library Metadata,Q819639,
CVE-2003-0347,Microsoft,Windows,Visual Basic for Applications,VBA,buffer overflow,
CVE-2003-0346,Microsoft,Windows,DirectX,buffer overflow,DirectShow,
CVE-2003-0344,Microsoft,Internet Explorer,buffer overflow,object type,Q818529,
CVE-2008-5026,Microsoft,SharePoint Portal,XSS< cross-site scripting,
CVE-2007-0041,Microsoft,.NET Framework,remote code execution,ms07-jul,
CVE-2005-1702,Microsoft,warrior kings,microsoft,format string,arbitrary code,nickname,
CVE-2007-1213,Microsoft,Windows,privilege escalation,TrueType Fonts rasterizer,defective font types,
CVE-2002-0648,Microsoft,Internet Explorer,HTML directive,XML data,Q323759,
CVE-2007-1211,Microsoft,Windows,DoS,denial of service,rendering Windows Metafile image format files,
CVE-2003-0003,Microsoft,Locator,MS03-001,
CVE-2001-0333,Microsoft,microsoft,IIS,decode,MS01-026,
CVE-2007-1692,Microsoft,WPAD,Web Proxy Automatic Discovery,DNS,WINS,
CVE-2003-0851,Microsoft,SSL,Novell,niscc,ouspg,uniras,
CVE-2010-1882,Microsoft,Window,s MPEG,Layer-3,Audio Decoder,
CVE-2007-4478,Microsoft,Internet Explorer,local zone xss,cross-site scripting,saved files,
CVE-2010-0266,Microsoft,Office Outlook,Linked Attachment,Verification,ATTACH_BY_REFERENCE,
CVE-2006-2388,Microsoft,Excel,remote code execution,Chart file,ms06-jul,
CVE-2006-2389,Microsoft,Office,corrupted summary information,MS06-jul,
CVE-2006-2386,Microsoft,Outlook Express,Windows Address Book,Contact Record,ms06-dec,
CVE-2006-2387,Microsoft,Excel,remote code execution,malformed DATETIME record,ms06-oct,
CVE-2006-2384,Microsoft,Internet Explorer,IE,content spoofing,ms06-june,
CVE-2006-2385,Microsoft,Internet Explorer,IE,arbitrary code execution,multipart HTML,
CVE-2006-2382,Microsoft,HTML decoding,ms06-june,MS06-021,UTF-8,
CVE-2006-2383,Microsoft,DXImageTransform.Microsoft.Light,COM object,DXTLight,dxtransform,
CVE-2006-2380,Microsoft,RPC,spoofing,mutual authentication,ms06-june,
CVE-2005-0811,Microsoft,NotifyLink,BlackBerry,Palm,IMAP,SQL,
CVE-2002-0823,Microsoft,Windows Help System,htctrl.ocx,winhlp,winhlp32,
CVE-1999-0682,Microsoft,Exchange,email,relay,spam,
CVE-2004-2289,Microsoft,Windows,XP,explorer.exe,arbitrary code execution,
CVE-2008-1091,Microsoft,Office,remote code execution,privilege escalation,Rich Text Format files,
CVE-2006-6134,Microsoft,Windows,Media,ASX,PlayList File,
CVE-2008-0322,Microsoft,Windows,I2O Filter Utility Driver,local privilege escalation,i2omgmt.sys,
CVE-2007-5493,Microsoft,WM5,PocketPC Phone,data manipulation,originating sender,
CVE-2005-0053,Microsoft,Internet Explorer,drag and drop,MS05-014,MS05-008,
CVE-2007-3481,Microsoft,Internet Explorer,document.domain property overwrite,Same Origin Policy Violation,
CVE-2005-0054,Microsoft,Internet Explorer,URL decoding,zone spoofing,
CVE-2005-0058,Microsoft,Telophony Application Programming Interface,TAPI,input validation error,remote code execution,
CVE-2005-4360,Microsoft,Windows,XP Professional,IIS,remote code execution,
CVE-2002-1325,Microsoft,Java,Virtual Machine,getAbsolutePath(),user.dir,
CVE-2001-0339,Microsoft,Internet Explorer,IE,MS01-027,URL,
CVE-2003-0002,Microsoft,Content Management Server,MSCMS,cross-site scripting,css,
CVE-2007-5350,Microsoft,Windows,Vista,Kernel,privilege escalation,
CVE-2006-3014,Microsoft,Excel,arbitrary code execution,Macromedia,Shockwave,
CVE-2005-3240,Microsoft,Internet Explorer,IE,Drag-N-Drop-N-PopUnder-N-GrabFocus-N-DoTheHokeyPokey,
CVE-2001-0874,Microsoft,Internet Explorer,IE,Frame Domain Verification,MS01-015,
CVE-2007-1215,Microsoft,Windows,privilege escalation,color-related parameters,Graphics Device Interface,
CVE-2007-0612,Microsoft,Internet Explorer,IE,NULL pointer dereference,bgColor,
CVE-2006-2055,Microsoft,Office,arbitrary file inclusion,mailto:,URI,
CVE-2008-4268,Microsoft,memory corruption,.search-ms,ms08-dec,
CVE-2011-0346,Microsoft,Internet Explorer,Circular Memory References Use-after-free,
CVE-2003-0659,Microsoft,ListBox,ComboBox,buffer overflow,User32.dll,
CVE-2008-4844,Microsoft,Internet Explorer,XML,IE,data binding,
CVE-2006-1305,Microsoft,Outlook,DoS,denial of service,malformed email message,
CVE-2006-4702,Microsoft,Windows Media Player,Windows Media Format,ASF,ms06-dec,
CVE-2004-0118,Microsoft,Windows,Virtual DOS Machine,VDM,null pointer,
CVE-2008-1435,Microsoft,Windows Explorer,remote code execution,specially crafted search file,ms08-jul,
CVE-2001-0046,Microsoft,Windows NT,Windows 2000,SNMP,registry,
CVE-2007-1747,Microsoft,remote code execution,crafted drawing object,ms07-may,
CVE-2003-0530,Microsoft,Windows Reporting Tool,BR549.dll,ActiveX control,Q822925,
CVE-2003-0531,Microsoft,Internet Explorer,browser cache,Q822925,MS03-032,
CVE-2003-0533,Microsoft,LSA Service,LSASS,DCPROMO.LOG,LSASRV.DLL,
CVE-2003-0822,Microsoft,FrontPage Server Extensions,buffer overflow,debug functionality,Q813360,
CVE-2003-0821,Microsoft,Excel,macro security level,macro security model,Q831527,
CVE-2004-0985,Microsoft,Internet Explorer,HTML Help,Local Machine Zone,
CVE-1999-0726,Microsoft,MS99-023,malformed image header,
CVE-1999-0721,Microsoft,WinNT,Win2000,LSA,Local Security Authority,
CVE-2008-1454,Microsoft,Windows DNS Server,cache poisoning,ms08-jul,
CVE-2006-0032,Microsoft,Indexing Services,cross-site scripting,xss,ms06-sep,
CVE-2006-0033,Microsoft,Office,remote code execution,PNG file,ms06-jul,
CVE-2006-1189,Microsoft,Internet Explorer,IE,remote code execution,double-byte characters,
CVE-2006-1188,Microsoft,Internet Explorer,IE,remote code execution,HTML elements,
CVE-2006-1185,Microsoft,Internet Explorer,IE,remote code execution,HTML,
CVE-2006-1184,Microsoft,Distributed Transaction Coordinator,MSDTC,DoS,denial of service,
CVE-2005-2307,Microsoft,Network Connection Manager,buffer overflow,DoS,denial of service,
CVE-2004-1049,Microsoft,AD_LAB-04004,windows,microsoft,loadimage,user32,
CVE-2008-0108,Microsoft,Works,File Converter,remote code execution,various filed lengths,
CVE-2008-0109,Microsoft,Word,remote code execution,crafted Word file,ms08-feb,
CVE-2008-0104,Microsoft,Publisher,remote code execution,.pub files,ms08-feb,
CVE-2008-0105,Microsoft,Works,File Converter,remote code execution,section header index table,
CVE-2008-0106,Microsoft,SQL Server,buffer overrun,privilege escalation,ms08-jul,
CVE-2008-0107,Microsoft,SQL Server,memory corruption,privilege escalation,ms08-jul,
CVE-2008-0102,Microsoft,Publisher,remote code execution,crafted .pub file,ms08-feb,
CVE-2004-0379,Microsoft,SharePoint Portal Service,cross-site scripting,css,
CVE-2006-3730,Microsoft,Internet Explorer,argument,setSlice method,WebViewFolderIcon,
CVE-2006-1510,Microsoft,.NET,Framework SDK,ildasm,buffer overflow,
CVE-2006-1511,Microsoft,.NET,Framework SDK,ILASM assembler,buffer overflow,
CVE-2006-5988,Microsoft,Windows,DoS,denial of service,Active Directory,
CVE-2005-2829,Microsoft,Internet Explorer,IE,arbitrary code execution,interactive dialog,
CVE-2002-0650,Microsoft,SQL,monitor port,1434/udp,ping,
CVE-2005-1213,Microsoft,Outlook Express,remote code execution,897715,MS05-030,
CVE-2004-0963,Microsoft,microsoft,word,buffer,overflow,local,
CVE-1999-0278,Microsoft,IIS server daemon,microsoft,
CVE-2003-0807,Microsoft,COM Internet Services Proxy,RPC over HTTP Proxy,DoS,denial of service,
CVE-2006-3448,Microsoft,Step-by-Step,Interactive Training,remote code execution,bookmark link file,
CVE-2007-2815,Microsoft,Internet Information Server,IIS,Web Server,authentication bypass,
CVE-2006-3440,Microsoft,Winsock,Hostname,remote code execution,ms06-aug,
CVE-2007-0675,Microsoft,remote code execution,Speech Components,sapi.dll,
CVE-2005-1216,Microsoft,ISA Server 2000,privilege escalation,NETBIOS connection,predefined packet filter,
CVE-2007-0671,Microsoft,Office,remote code execution,Excel,zero-day,
CVE-2003-0118,Microsoft,BizTalk Server,SQL injection,Document Tracking and Administration,DTA,
CVE-2003-0116,Microsoft,Internet Explorer,text style,ModalDialog window,showModalDialog(),
CVE-2003-0112,Microsoft,Entercept,kernel,debug,buffer overflow,
CVE-2003-0113,Microsoft,Internet Explorer,URLMON.DLL,arbitrary code execution,Q813489,
CVE-2003-0110,Microsoft,Winsock Proxy service,DoS,denial of service,crafted packet,
CVE-2003-0111,Microsoft,Windows,Virtual Machine,VM,ByteCode Verifier,
CVE-2002-1179,Microsoft,Outlook Express,buffer overflow,digital signature,crafted data,
CVE-2005-1191,Microsoft,Windows Explorer,Web View DLL,webvw.dll,code injection,
CVE-2006-3877,Microsoft,PowerPoint,remote code execution,specially crafted file,ms06-oct,
CVE-2006-3876,Microsoft,PowerPoint,remote code execution,parse a file,malformed Data record,
CVE-2006-3875,Microsoft,Excel,remote code execution,COLINFO record,ms06-oct,
CVE-2001-0237,Microsoft,Windows 2000,domain controller,Kerberos,Active Directory,
CVE-2001-0239,Microsoft,Internet Security and Acceleration Server,ISA,Web Proxy,MS01-021,
CVE-2001-0238,Microsoft,MDAC,WebDAV,Data Access Component Internet Publishing Provider,MS01-022,
CVE-2007-5347,Microsoft,Internet Explorer,arbitrary code execution,ms07-dec,
CVE-2001-0643,Microsoft,Windows,Explorer CLSID,class identifier,extension,
CVE-2001-0644,Microsoft,SQL Server,Microsoft Data Engine,MSDE,buffer overflow,
CVE-2001-0645,Microsoft,SQL Server,Microsoft Data Engine,MSDE,SQL injection,
CVE-2000-1147,Microsoft,Internet Information Server,IIS,IISHack 1.5,
CVE-2004-0572,Microsoft,Windows,buffer overflow,Program Group Converter application,MS04-037,
CVE-2001-0003,Microsoft,Web Extender Client,WEC,Office 2000,Windows 2000,
CVE-2001-0006,Microsoft,Windows NT,mutex,winsock,MS01-003,
CVE-2001-0004,Microsoft,IIS,CGI,.htr,unicode,
CVE-2001-0005,Microsoft,PowerPoint 2000,MS01-002,
CVE-2002-0368,Microsoft,Exchange 2000,DoS,denial of service,malformed mail attribute,
CVE-2002-0369,Microsoft,ASP.NET,buffer overflow,DoS,denial of service,
CVE-2002-0366,Microsoft,Remote Access Service,RAS,RRAS,buffer overflow,
CVE-2007-5861,Microsoft,Office,Spotlight Importer,denial of service,DoS,
CVE-2000-1089,Microsoft,microsoft,iis,phone book service,pb,pbserver.dll,
CVE-2002-0186,Microsoft,SQL Server,SQLXML,ISAPI filter,buffer overflow,
CVE-2005-2118,Microsoft,Windows,Shell,remote code execution,.lnk file properties,
CVE-2005-2117,Microsoft,Windows Explorer. Web View,script injection,MS05-049,
CVE-2007-4776,Microsoft,Visual Basic,buffer overflow,arbitrary code execution,VBP,
CVE-2005-1978,Microsoft,COM+,remote code execution,local privilege escalation,MS05-051,
CVE-2004-0123,Microsoft,Windows,ASN.1 library,double-free,Q835732,
CVE-2004-0120,Microsoft,Windows,Secure Sockets Layer library,SSL,DoS,
CVE-2012-4969,Microsoft,microsoft,internet explorer,ie,use-after-free,emet,
CVE-2009-3672,Microsoft,Internet Explorer,IE,CSS,977981,
CVE-2002-0649,Microsoft,SQL,monitor port,1434/udp,Q323875,
CVE-2002-0647,Microsoft,Internet Explorer,IE,buffer overflow,ActiveX,
CVE-2002-0641,Microsoft,SQL Server,buffer overflow,bulk insert,MS02-034,
CVE-2002-0643,Microsoft,SQL Server,installation process,sensitive information,password,
CVE-2002-0642,Microsoft,MSSQL,registry,HKLM,HKEY_LOCAL_MACHINE\System\CurrentControlSet\Services\MSSQLServer,
CVE-2008-1544,Microsoft,Internet Explorer,information disclosure,request headers,ms08-jun,
CVE-2006-1300,Microsoft,ASP.NET,information disclosure,unauthorized access,Application folders,
CVE-2007-5322,Microsoft,Visual,FoxPro,remote command execution,FPOLE.OCX,
CVE-2001-1347,Microsoft,Windows 2000,debug,register,x86,
CVE-2005-2226,Microsoft,Outlook Express,information disclosure,reply to read,watched discussion threads,
CVE-2006-2111,Microsoft,Windows,information disclosure,MHTML protocol handler,URL redirections,
CVE-2002-0616,Microsoft,Excel,inline macro,object,Macro Security Model,
CVE-2008-2281,Microsoft,Internet Explorer,cross-zone scripting,links,HTML file,
CVE-2001-0628,Microsoft,Word,macros,.asd,MS01-034,
CVE-2014-6321,Microsoft,microsoft,schannel,
CVE-2007-3898,Microsoft,Windows,Sever,DNS,spoofing,
CVE-2007-3899,Microsoft,Word,remote code execution,crafted Word file,malformed string,
CVE-2007-3892,Microsoft,Internet Explorer,spoofing,spoofed content,browser window,
CVE-2007-3893,Microsoft,Internet Explorer,remote code execution,ms07-oct,
CVE-2007-3890,Microsoft,Excel,memory corruption,ms07-aug,MS07-044,
CVE-2007-3891,Microsoft,Windows Vista,Weather Gadgets,arbitrary code execution,ms07-aug,
CVE-2007-3897,Microsoft,Outlook Express,remote code execution,malformed NNTP response,ms07-oct,
CVE-2007-3895,Microsoft,DirectX,remote code execution. WAV file,AVI file,ms07-dec,
CVE-2006-0005,Microsoft,Windows,Media Player,plug-in,remote code execution,
CVE-2002-1286,Microsoft,Virtual Machine,Java,applet,crafted URL,
CVE-2002-1287,Microsoft,Virtual Machine,java,buffer overflow,ClassLoader.loadClass(),
CVE-2002-1289,Microsoft,Virtual Machine,java,INativeServices methods,access memory locations,
CVE-2002-1138,Microsoft,SQL Server Agent,drop privileges,output file,Q316333,
CVE-2002-1137,Microsoft,SQL Server,Database Console Commands,DBCCs,buffer overflow,
CVE-2006-1043,Microsoft,Visual Studio,buffer overflow,overly long string,DataProject field,
CVE-2002-0615,Microsoft,Windows Media Player,arbitrary script execution,crafted web page,specially formed media file,
CVE-2004-0897,Microsoft,Windows,Indexing Service,remote command execution,MS05-003,
CVE-2006-1313,Microsoft,JScript,remote code execution,ms06-june,MS06-023,
CVE-2006-1315,Microsoft,Server,Service,information disclosure,SMB traffic,
CVE-2006-1316,Microsoft,Office,remote code execution,malformed string,ms06-jul,
CVE-2005-0563,Microsoft,Outlook Web Access,OWA,Exchange Server,cross-site scripting,
CVE-2005-0564,Microsoft,Word,font parsing,MS05-035,remote code execution,
CVE-2007-4223,Microsoft,Sysinternals DebugView,DBgv.sys,unspecified vectors,
CVE-2010-2745,Microsoft,Windows,Media Player,Memory Corruption,
CVE-2007-0842,Microsoft,Visual,C++,DoS,denial of service,
CVE-2007-0843,Microsoft,Windows,information disclosure,ReadDirectoryChangesW(),
CVE-2007-0042,Microsoft,.NET Framework,information disclosure,ASP .NET,ms07-jul,
CVE-2010-0483,Microsoft,IE,0-day,Zero-day,MS,
CVE-2008-5180,Microsoft,Office,Communications Server,DoS,denial of service,
CVE-2001-1319,Microsoft,Exchange,DSAMAIN.EXE,LDAP,PROTOS,
CVE-2004-0900,Microsoft,DHCP Server,unchecked buffer,remote code execution,
CVE-2004-0901,Microsoft,WordPad,unchecked buffer,font conversion,remote code execution,
CVE-2006-4685,Microsoft,XML,Core Services,XMLHTTP ActiveX control,information disclosure,
CVE-2006-4693,Microsoft,Word,Mac,remote code execution,specially crafted file,
CVE-2006-4691,Microsoft,Workstation Service,remote code execution,ms06-nov,
CVE-2006-4696,Microsoft,Server Service,remote code execution,network messages,SMB rename,
CVE-2006-4697,Microsoft,Internet Explorer,IE,COM objects,ms07-feb,
CVE-2006-4694,Microsoft,PowerPoint,remote code execution,malicious PowerPoint file,ms06-oct,
CVE-2005-0055,Microsoft,Internet Explorer,DHTML,heap corruption,
CVE-2005-0056,Microsoft,Internet Explorer,channel definition format,cdf,cross domain,
CVE-2007-3033,Microsoft,Windows Vista,Feed Headlines Gadgets,arbitrary code execution,ms07-aug,
CVE-2001-0538,Microsoft,Microsoft Outlook View Control,Outlook Express,Outlook 98,Outlook 2000,
CVE-2001-0542,Microsoft,buffer overflow,microsoft,MS01-060,SQL,sql server,
CVE-2002-1290,Microsoft,Virtual Machine,java,ClipBoardGetText(),ClipBoardSetText(),
CVE-2006-6456,Microsoft,Word,buffer overflow,0-day,zero-day,
CVE-2007-0943,Microsoft,Internet Explorer,arbitrary code execution,CSS,ms07-aug,
CVE-2006-5577,Microsoft,Internet Explorer,TIF Folder,Information Disclosure,ms06-dec,
CVE-2007-0948,Microsoft,Virtual Server,privilege escalation,heap overflow,ms07-aug,
CVE-2003-0815,Microsoft,Internet Explorer,Findeath,Linkiller,LinkillerJPU,
CVE-2010-3962,Microsoft,Internet Explorer,invalid flag reference,remote code execution,2458511,
CVE-2006-3280,Microsoft,Internet Explorer,information disclosure,redirections,http 302,
CVE-2006-3281,Microsoft,Internet Explorer,remote code execution,file shares,double-click,
CVE-2005-0944,Microsoft,Jet Database Engine,JetDB,DoS,denial of service,
CVE-2002-0867,Microsoft,Java Virtual Machine,MS02-052,
CVE-2008-1898,Microsoft,Works,arbitrary code execution,DoS,denial of service,
CVE-2000-0991,Microsoft,Hilgraeve,Windows,HyperTerminal,telnet,
CVE-2008-1444,Microsoft,remote code execution,DirectX,supported format files,ms08-jun,
CVE-2008-1445,Microsoft,Active Directory,DoS,denial of service,Active Directory Application Mode,
CVE-2008-1442,Microsoft,Internet Explorer,remote code execution,Web page,unexpected method call,
CVE-2008-1440,Microsoft,DoS,denial of service,Pragmatic General Multicast protocol,PGM protocol,
CVE-2008-1441,Microsoft,DoS,Pragmatic General Multicast,PGM protocol,ms08-jun,
CVE-2008-1448,Microsoft,Outlook Express,Windows Mail,information disclosure,MHTML protocol handler,
CVE-2005-3172,Microsoft,WideCharToMultiByte,Composite Characters,Japanese,
CVE-2005-1990,Microsoft,Internet Explorer,IE,IObjectSafety,MS06-021,
CVE-2006-1311,Microsoft,RichEdit,remote code execution,Windows,Office,
CVE-2013-1347,Microsoft,internet explorer,microsoft,CGenericElement,use-after-free,
CVE-2006-1314,Microsoft,Server,Service,Mailslot,heap overflow,
CVE-2007-1212,Microsoft,Windows,privilege escalation,Enhanced Metafile image format files,ms07-apr,
CVE-2002-0620,Microsoft,Commerce Server 2000,buffer overflow,Q322273,MS02-033,
CVE-2002-0976,Microsoft,Internet Explorer,XML datasource applet,reading of local files,
CVE-2002-0975,Microsoft,Windows,DirectX FIles Viewer Control,buffer overflow,File parameter,
CVE-2009-0556,Microsoft,Office,PowerPoint,remote code execution,
CVE-2003-1328,Microsoft,Internet Explorer,local file reading,showHelp() function,Q810847,
CVE-2007-0712,Microsoft,Apple,QuickTime,Mac OS X,Vista,
CVE-2007-0713,Microsoft,Apple,Quicktime,Mac OS X,Vista,
CVE-2003-0906,Microsoft,Windows,buffer overflow,Windows Metafile,WMF,
CVE-2007-0066,Microsoft,Windows Kernel,DoS,denial of service,fragmented router advertisement ICMP queries,
CVE-2007-3040,Microsoft,Agent,URLs,arbitrary code execution,ms07-sep,
CVE-2006-0015,Microsoft,FrontPage Server,Extensions,cross-site scripting,css,
CVE-2005-2830,Microsoft,Internet Explorer,IE,information disclosure,https,
CVE-2002-0023,Microsoft,microsoft,ie,getobject,
CVE-2002-0022,Microsoft,Internet Explorer,buffer overflow,SRC,EMBED,
CVE-2008-1083,Microsoft,GDI,remote code execution,heap overflow,stack overflow,
CVE-2010-0806,Microsoft,MS,Internet Explorer,IE 6,IE 7,
CVE-2010-2728,Microsoft,Outlook,Content Parsing,Integer Underflow,
CVE-2006-0002,Microsoft,MS06-003,buffer overflow,TNEF,Outlook,
CVE-2006-1626,Microsoft,Internet Explorer,IE,address bar spoofing,Macromedia,
CVE-2011-0096,Microsoft,MS,Windows,MHTML,2501696,
CVE-2006-4692,Microsoft,Object Packager,remote code execution,ms06-oct,
CVE-2003-0225,Microsoft,Internet Information Server,IIS,limit memory,Response.AddHeader,
CVE-2003-0223,Microsoft,Internet Information Server,IIS,cross-site scripting,css,
CVE-2006-0025,Microsoft,Windows,Media Player,buffer overflow,PNG images,
CVE-2006-0027,Microsoft,Exchange Server,remote code execution,ms06-may,MS06-019,
CVE-2006-0026,Microsoft,Internet Information Services,IIS,remote code execution,ASP file,
CVE-2006-0020,Microsoft,Internet Explorer,buffer overflow,WMF file,arbitrary code execution,
CVE-2006-0023,Microsoft,Multiple,products,security vulnerabilities,microsoft,windows,
CVE-2010-2553,Microsoft,Windows,Cinepak,Codec Decompression,boundary error,
CVE-2003-0813,Microsoft,RPC,MS03-039 variant,dcom,orpc,
CVE-2005-1790,Microsoft,Internet Explorer,specially crafted JavaScript,window(),window object,
CVE-2005-1794,Microsoft,Windows,Remote Desktop Protocol,RDP,server public key,
CVE-2006-6797,Microsoft,Windows,memory corruption,double free,code execution,
CVE-2004-0978,Microsoft,Internet Explorer,MSN,heartbeat.ocx,ActiveX control,
CVE-2004-0571,Microsoft,WordPad,unchecked buffer,table conversion,remote code execution,
CVE-2004-0573,Microsoft,WordPerfect 5.x Converter,Microsoft Office,Microsoft FrontPage,Microsoft Publisher,
CVE-2004-0574,Microsoft,remote code execution,NNTP,MS04-036,883935,
CVE-2002-0155,Microsoft,MSN Messenger,Chat Control,OCX,buffer overflow,
CVE-2005-2224,Microsoft,ASP.NET,DoS,denial of service,SOAP message,
CVE-2007-1533,Microsoft,Windows,Vista,Teredo server,spoofing,
CVE-2003-0718,Microsoft,Internet Information Services,WebDAV XML,MS04-030,
CVE-2006-0008,Microsoft,Windows,Korean Input Method Editor,IME,privilege escalation,
CVE-2007-1531,Microsoft,Windows,Vista,ARP table entries,
CVE-2006-0003,Microsoft,Windows,remote code execution,RDS.Dataspace ActiveX,MDAC,
CVE-2006-0001,Microsoft,Publisher,remote code execution,file,font,
CVE-2007-1530,Microsoft,Windows,Vista,LLTD mapper,DoS,
CVE-2006-0006,Microsoft,Windows,Media Player,remote code execution,bitmap file,
CVE-2003-0719,Microsoft,Private Communication Technology,PCT,SSL,message inputs,
CVE-2007-0035,Microsoft,Word,remote code execution,crafted array files,ms07-may,
CVE-2007-0034,Microsoft,Outlook,remote code execution,.oss file,ms07-jan,
CVE-2004-0892,Microsoft,ISA Server,MS04-039,888258,
CVE-2004-0893,Microsoft,Windows,Kernel,Local Procedure Call,LPC,
CVE-2004-0899,Microsoft,DHCP Server,unchecked buffer,DoS,denial of service,
CVE-2003-0525,Microsoft,Windows NT 4.0 Server,file management,DoS,denial of service,
CVE-2007-3030,Microsoft,Excel,Workbook,remote code execution,malformed Excel files,
CVE-2007-3032,Microsoft,Windows Vista,Contacts Gadgets,arbitrary code execution,ms07-aug,
CVE-2007-3034,Microsoft,GDI,Graphics Rendering Engine,arbitrary code execution,crafted images,
CVE-2007-3035,Microsoft,Windows Media Player,arbitrary code execution,ms07-aug,MS07-047,
CVE-2007-3036,Microsoft,Windows Services for UNIX,privilege escalation,ms07-053,ms07-sep,
CVE-2007-3037,Microsoft,Windows Media Player,arbitrary code execution,skins,ms07-aug,
CVE-2007-3038,Microsoft,Windows,Vista,Firewall,information disclosure,
CVE-2007-3039,Microsoft,Windows,remote code execution,crafted MSMQ message,ms07-dec,
CVE-2005-0688,Microsoft,Windows,DoS,Denial of Service,LAND Attack,
CVE-2004-1305,Microsoft,microsoft,windows,kernel,mouse cursor,ani,
CVE-2008-2247,Microsoft,Outlook Web Access for Exchange Server,cross-site scripting,xss,ms08-jul,
CVE-2007-0711,Microsoft,Apple,QuickTime,Vista,XP,
CVE-2007-0715,Microsoft,Apple,Quicktime,Mac OS X,Vista,
CVE-2007-0716,Microsoft,Apple,QuickTime,Mac OS X,Vista,
CVE-2007-0717,Microsoft,Apple,QuickTime,Mac OS X,Vista,
CVE-2007-0718,Microsoft,Apple,QuickTime,Vista,XP,
CVE-2000-0788,Microsoft,Word,Access,mail merge,VBA,
CVE-2001-0340,Microsoft,Outlook Web Access,OWA,Exchange 2000,Internet Explorer,
CVE-2008-0015,Microsoft,microsoft,security advisory,remote code execution,video activex control,972890,
CVE-2003-0309,Microsoft,Internet Explorer,zone bypass,bypass zone protection,file:// request,
CVE-2004-0208,Microsoft,Windows,kernel,Virtual DOS Machine,privilege escalation,
CVE-2002-0695,Microsoft,SQL,OpenRowSet,Q326573,MS02-040,
CVE-2011-1982,Microsoft,microsoft,office,uninitialized pointer,FOE,
CVE-2002-1561,Microsoft,Windows 2000,DCE-RPC stack,DoS,denial of service,
CVE-2001-0137,Microsoft,Windows Media Player,Internet Explorer,Java,skin.wmz,
CVE-2003-0910,Microsoft,Windows,create entry,Local Descriptor Table,LDT,
CVE-2000-0673,Microsoft,NetBIOS,Denial of Service,DoS,UDP,MS,
CVE-2007-5352,Microsoft,Windows,Local Security Authority Subsystem Service,LSASS,local procedure call requests,
CVE-2007-6043,Microsoft,Windows,authentication bypass,random numbers,generate,
CVE-2007-5355,Microsoft,Web Proxy,Auto-Discovery,WPAD,information disclosure,
CVE-2005-1207,Microsoft,Web Client Service,webclnt.dll,buffer overflow,remote code execution,
CVE-2005-1208,Microsoft,HTML Help,remote code execution,MS05-026,chm,
CVE-2005-2678,Microsoft,Internet Information Server,IIS,SERVER_NAME variable,spoofing,
CVE-2008-4841,Microsoft,WordPad Text Converter,arbitrary code execution,Microsoft Security Advisory 960906,
CVE-2003-0507,Microsoft,Windows,Active Directory,LDAP version 3,AND statements,
CVE-1999-0376,Microsoft,cache,ntoskrnl.exe,
CVE-2006-2376,Microsoft,Graphics Rendering Engine,WMF,Windows Metafile,remote code execution,
CVE-2005-2087,Microsoft,Internet Explorer,CLSIDs,IE,javaprxy.dll,
CVE-2001-0365,Microsoft,Qualcomm,Eudora,Internet Explorer,IE,
CVE-2007-2223,Microsoft,XML Core Services,arbitrary code execution,ms07-aug,MS07-042,
CVE-2007-2221,Microsoft,Internet Explorer,remote code execution,media service component,ms07-may,
CVE-2007-2227,Microsoft,Windows,information disclosure,MHTML protocol handler,Content-Disposition notifications,
CVE-2007-2224,Microsoft,OLE,arbitrary code execution,Object linking and embedding,Automation,
CVE-2007-2225,Microsoft,Windows,information disclosure,MHTML protocol handler,interpret HTTP header,
CVE-2003-0701,Microsoft,ms03-032,internet explorer,ie,microsoft,windows ms03-020,
CVE-2006-2372,Microsoft,DHCP Client service,buffer overflow,ms06-jul,
CVE-2004-1155,Microsoft,Internet Explorer,7,window injection,target name unknown,
CVE-2004-0203,Microsoft,Exchange Server 5.5,Outlook Web Access,OWA,cross-site scripting,
CVE-2004-0202,Microsoft,IDirectPlay4,API,DirectPlay,DoS,
CVE-2004-0201,Microsoft,Windows,HTML Help component,Q840315,MS04-023,
CVE-2004-0200,Microsoft,Windows,buffer overflow,JPEG parsing component,Graphic Device Interface,
CVE-2004-0207,Microsoft,Windows,Window Management Application Programming Interface,API,MS04-032,
CVE-2004-0206,Microsoft,Windows,unchecked buffer,NetDDE services,MS04-031,
CVE-2004-0209,Microsoft,Windows,Graphics Rendering Engine,Windows Metafile,WMF,
CVE-2006-3086,Microsoft,buffer overflow,remote code execution,Hyperlink object library,HLINK.DLL,
CVE-2006-1245,Microsoft,MS06-013,onclick,mshtml.dll,Internet Explorer,
CVE-2002-0721,Microsoft,Windows,SQL Server,arbitrary queries,xp_printstatements,
CVE-2005-2268,Microsoft,Internet Explorer,spoofing,JavaScript,dialog boxes,
CVE-2006-3059,Microsoft,Excel,specially crafted,Excel documents,repair mode,
CVE-2007-0030,Microsoft,Excel,remote code execution,Column record,ms07-jan,
CVE-2007-0033,Microsoft,Outlook,remote code execution,VEVENT record,ms07-jan,
CVE-2007-0039,Microsoft,Exchange Server,calendar content requests,ms07-may,
CVE-2007-0038,Microsoft,Internet Explorer,remote code execution,ANI files,0day,
CVE-2006-4704,Microsoft,Visual Studio,WMI Object Broker ActiveX Control,WmiScriptUtils.dll,arbitrary code execution,
CVE-2006-3651,Microsoft,Word,remote code execution,mail merge file,ms06-oct,
CVE-2006-3656,Microsoft,PowerPoint 2003,
CVE-2006-3655,Microsoft,Word,LSCreateLine function,mso.dll,buffer overflow,
CVE-2006-2218,Microsoft,Internet Explorer,crash,object,style tag,
CVE-2006-4777,Microsoft,Internet Explorer,IE,DirectAnimation.PathControl COM object,daxctle.ocx,
CVE-2007-0208,Microsoft,Word,remote code execution,ms07-feb,
CVE-2007-0209,Microsoft,Word,remote code execution,malformed drawing object,ms07-feb,
CVE-2005-1206,Microsoft,Server Message Block,SMB,buffer overflow,remote code execution,
CVE-2000-0160,Microsoft,IE,ActiveX control,prompt,policy,
CVE-2004-0979,Microsoft,Internet Explorer,IE,what a drag II,drag and drop events,
CVE-2005-1981,Microsoft,Kerberos,DoS,Denial of Service,MS05-042,
CVE-2003-0823,Microsoft,Internet Explorer,hijackclick,hijackclickv2,hijackclickv3,
CVE-2008-0011,Microsoft,MJPEG Codec,remote code execution,MJPEG streams,AVI file,
CVE-2002-0979,Microsoft,Java Virtual Machine,javalog.txt,java logging,well known location,
CVE-2002-0865,Microsoft,Java Virtual Machine,MS02-052,
CVE-2000-0621,Microsoft,Outlook,microsoft,cache bypass,MS00-046,Internet Zone,
CVE-2006-5585,Microsoft,Windows,File Manifest,privilege escalation,ms06-dec,
CVE-2006-5586,Microsoft,Windows,privilege escalation,render layered application windows,Graphics Rendering Engine,
CVE-2006-5581,Microsoft,Internet Explorer,DHTML Script Function,Memory Corruption,ms06-dec,
CVE-2006-5583,Microsoft,Windows,SNMP,Simple Network Management Protocol,Memory Corruption,
CVE-2007-1527,Microsoft,Windows,Vista,authentication bypass,user-supplied packet-level data,
CVE-2007-1529,Microsoft,Windows,Vista,spoofing,LLTD responder,
CVE-2006-4183,Microsoft,DirectX,heap overflow,arbitrary code execution,RLE compressed Targa image files,
CVE-2006-3639,Microsoft,Internet Explorer,IE,information disclosure,remote code execution,
CVE-2006-3637,Microsoft,Internet Explorer,IE,remote code execution,Web page,
CVE-2005-0551,Microsoft,MS05-018,CSRSS,buffer overflow,stack overflow,
CVE-2007-0427,Microsoft,Help Workshop,stack overflow,fails to properly handle crafted .HPJ files,
CVE-2007-0220,Microsoft,Exchange,Outlook Web Access,information disclosure,script-based attachments,
CVE-2006-2373,Microsoft,Server Message Block,SMB,privilege escalation,ms06-june,
CVE-2008-2253,Microsoft,Windows Media Player,remote code execution,specially crafted audio file,ms08-sep,
CVE-2007-5470,Microsoft,Expression Media,information disclosure,passwords,catalog file,
CVE-2001-0324,Microsoft,Windows,UDP,socket,DoS,
CVE-2001-0322,Microsoft,mshtml.dll,Internet Explorer,Outlook,jscript,
CVE-2006-0564,Microsoft,HTML Help Workshop,buffer overflow,.hhp files,Contents file field,
CVE-2008-0074,Microsoft,IIS,privilege escalation,file change notifications,FTPRoot,
CVE-2008-0075,Microsoft,IIS,remote code execution,ms08-feb,ASP Web pages,
CVE-2008-0076,Microsoft,Internet Explorer,remote code execution,HTML,certain layout combinations,
CVE-2008-0077,Microsoft,Internet Explorer,remote code execution,property method,ms08-feb,
CVE-2008-0078,Microsoft,Internet Explorer,remote code execution,argument validation,image processing,
CVE-2001-0150,Microsoft,Internet Explorer,IE,Servicves For Unix,SFU,
CVE-2001-0152,Microsoft,Plus! 98,Windows,Windows Me,compressed folder,
CVE-2001-0153,Microsoft,Visual Studio,VB-TSQL,vbsdicli.exe,MS01-018,
CVE-2001-0154,Microsoft,IE,Internet Explorer,MIME,MS01-020,
CVE-2003-0717,Microsoft,Messenger Service,buffer overflow,length of message,Q828035,
CVE-2007-0043,Microsoft,.NET Framework,Just In Time Compiler,remote code execution,ms07-jul,
CVE-2005-0803,Microsoft,Windows,DoS,denial of service,EMF,
CVE-2005-0809,Microsoft,NotifyLink,BlackBerry,Palm,IMAP,SQL,
CVE-2007-1214,Microsoft,Excel,remote code execution,crafted filter records,MS07-023,
CVE-2007-1748,Microsoft,DNS,RPC,0-Day,Remote management,
CVE-2007-1749,Microsoft,Windows,VML,arbitrary code execution,Vector Markup Language,
CVE-2001-0151,Microsoft,Internet Information Server,IIS,WebDAV,PROPFIND,
CVE-2003-0350,Microsoft,Utility Manager,LVM_SORTITEMS,LVM_SORTITEMSEX,shatter,
CVE-2003-0352,Microsoft,Windows,Remote Procedure Call,RPC,malformed message,
CVE-2004-0894,Microsoft,Local Security Authority Subsystem Service,LSASS,privilege elevation,identity tokens,
CVE-2004-0846,Microsoft,Excel,remote code execution,MS04-033,
CVE-2006-1540,Microsoft,Office,remote code execution,malformed string,ms06-jul,
CVE-2002-1407,Microsoft,Internet Explorer,IE,basic constraints,SSL certificates,
CVE-2007-2229,Microsoft,Windows,Vista,information disclosure,ms07-jun,
CVE-2007-1209,Microsoft,Windows,Vista,privilege escalation,terminate processes,
CVE-2005-2827,Microsoft,Windows,privilege escalation,asynchronous procedure call,APC,
CVE-2002-0617,Microsoft,Excel,macro,workbook,hyperlink,
CVE-2006-5758,Microsoft,Windows,kernel,DoS,denial of service,
CVE-2005-0820,Microsoft,Office InfoPath 2003,authentication data,remote users,template file,
CVE-2006-4274,Microsoft,PowerPoint,code execution,0-day,
CVE-2002-0832,Microsoft,Internet Explorer,Privacy Settings,userData behavior,
CVE-2000-0260,Microsoft,netscape engineers are weenies,backdoor,frontpage,microsoft,dvwssr.dll
XOR,
CVE-2008-1086,Microsoft,ActiveX control,hxvz.dll,remote code execution,privilege escalation,
CVE-2008-1087,Microsoft,GDI,remote code execution,heap overflow,stack overflow,
CVE-2008-1084,Microsoft,Windows Kernel,privilege escalation,improper validating,user mode,
CVE-2008-1085,Microsoft,Internet Explorer,remote code execution,data streams,specially crafted Web page,
CVE-2008-1088,Microsoft,Office Project,remote code execution,specially crafted Project file,ms08-apr,
CVE-2006-1388,Microsoft,Internet Explorer,arbitrary code execution,.HTA file,
CVE-2005-0048,Microsoft,microsoft,windows,ip,893066,ms05-019,
CVE-2006-4868,Microsoft,Internet Explorer,VML,0day,vector graphics extension,
CVE-2003-0528,Microsoft,Windows,remote,RPC,buffer overflow,
CVE-2007-1535,Microsoft,Windows,Vista,Teredo protocol connection,
CVE-2007-1534,Microsoft,Windows,Vista,Meeting Space,TCP 5722,
CVE-2007-1532,Microsoft,Windows,Vista,spoofing,neighbor discovery,
CVE-2004-0205,Microsoft,Internet Information Server,IIS,4.0,buffer overflow,
CVE-2005-1218,Microsoft,Windows,DoS,denial of service,kernel,
CVE-2009-1136,Microsoft,microsoft,security advisory,973472,office web components,remote code execution,
CVE-2006-3357,Microsoft,Internet Explorer,IE,heap overflow,Internet.HHCtrl Image Property,
CVE-2002-1141,Microsoft,Services for Unix 3.0,Interix SDK,size of TCP requests,Q329209,
CVE-2002-1140,Microsoft,Services for Unix 3.0,Interix SDK,buffer overrun,RPC request,
CVE-2002-1143,Microsoft,Word document,local file reading,INCLUDETEXT field,Q330008,
CVE-2002-1142,Microsoft,Windows,Data Access Components,heap overflow,Data Stubs,
CVE-2000-1113,Microsoft,Windows Media Player,WMP,.asx,MS00-090,
CVE-2001-0265,Microsoft,PGP,Pretty Good Privacy,ASCII Armor,.dll,Windows,
CVE-2001-0261,Microsoft,Windows 2000,EFS,temporary,efs0.tmp,
CVE-2008-0110,Microsoft,Office,Outlook,remote code execution,mailto URI,
CVE-2008-0119,Microsoft,Publisher,remote code execution,object header data,ms08-may,
CVE-2003-0496,Microsoft,Windows 2000,CreateFile system call,impersonate user account,named pipe,
CVE-2006-2297,Microsoft,Infotech Storage System Library,itss.dll,heap corruption,CHM file,
CVE-2000-0457,Microsoft,.HTR File Fragment Reading,MS00-031,IIS,Internet Information Server,
CVE-2005-0060,Microsoft,MS05-018,
CVE-2005-0061,Microsoft,MS05-018,kernel,
CVE-2007-2228,Microsoft,RPC,DoS,denial of service,RPC authentication request,
CVE-2003-0812,Microsoft,Windows,Workstation service,buffer overflow,crafted network message,
CVE-2007-0934,Microsoft,Visio,remote code execution,crafted version number file,.VSD,
CVE-2003-0816,Microsoft,Internet Explorer,Liu Die Yu,WsOpenFileJPU,NAFfileJPU,
CVE-2007-0936,Microsoft,Visio,remote code execution,parse packed objects,Visio file format,
CVE-2003-0814,Microsoft,Internet Explorer,BodyRefreshLoadsJPU,MS03-048,
CVE-2007-0938,Microsoft,Content Management Server,remote code execution,crafted HTTP requests,ms07-apr,
CVE-2007-0939,Microsoft,Content Management Server,cross-site scripting,xss,ms07-apr,
CVE-2003-0818,Microsoft,Abstract Syntax Notation 1,ASN.1,buffer overflow,MSASN1.DLL,
CVE-2005-0360,Microsoft,Internet Explorer,IE,IObjectSafety,pkmcore.dll,
CVE-2002-0723,Microsoft,Internet Explorer,Document Object Model,DOM,foreign document,
CVE-2002-0720,Microsoft,Windows,Network Connection Manager,NCM,handler routine,
CVE-2002-0726,Microsoft,Windows,Terminal Services Advanced Client,TSAC,buffer overflow,
CVE-2002-0725,Microsoft,Windows,hard link,subvert auditing mechanism,
CVE-2006-3451,Microsoft,Internet Explorer,IE,remote code execution,Cascading Style Sheets,
CVE-2006-3450,Microsoft,Internet Explorer,IE,remote code execution,HTML,
CVE-1999-0715,Microsoft,Remote Access Service,RAS,buffer overflow,rasphone.pbk,
CVE-2003-0109,Microsoft,WebDAV,IIS,
CVE-2007-0031,Microsoft,Excel,remote code execution,Palette record,ms07-jan,
CVE-2002-0788,Microsoft,Network Associates,NAI,Pretty Good Privacy,PGP,
CVE-2006-1192,Microsoft,Internet Explorer,address bar spoofing,ms06-apr,
CVE-2006-1193,Microsoft,Exchange Server,remote code execution,Outlook Web Access,MS06-029,
CVE-2006-1190,Microsoft,Internet Explorer,IE,embedded object,IOleClientSite,
CVE-2006-1191,Microsoft,Internet Explorer,IE,information disclosure,navigation method,
CVE-2007-0099,Microsoft,Internet Explorer,IE,DoS,denial of service,
CVE-2006-3590,Microsoft,PowerPoint,arbitrary code execution,PPDDropper.B,PPT,
CVE-2001-0244,Microsoft,Index Server,MS01-025,
CVE-2001-0246,Microsoft,MS00-033,MS01-027,Internet Explorer,IE,
CVE-2001-0240,Microsoft,Word,RTF,template,macro,
CVE-2001-0241,Microsoft,Windows 2000,IIS,Internet Information Server,IPP,
CVE-2001-0242,Microsoft,Windows Media Player,.ASX,Active Stream Redirector,MS01-029,
CVE-2008-0103,Microsoft,Office,remote code execution,Microsoft Office,malformed object,
CVE-2003-0665,Microsoft,Access Snapshot Viewer,buffer overflow,validate parameters,Snapview.ocx,
CVE-2003-0666,Microsoft,WordPerfect converter,buffer overflow,fails to validate parameters,wpft532.cnv,
CVE-2006-6617,Microsoft,Project Server,information disclosure,POST requests,projectserver/logon/pdsrequest.asp,
CVE-2010-0252,Microsoft,Data Analyzer,ActiveX Control,
CVE-2003-1041,Microsoft,Windows,showHelp,chm,Q840315,
CVE-2003-1048,Microsoft,Internet Explorer,double-free,denial of service,DoS,
CVE-2006-5994,Microsoft,Word,Memory Corruption,zero-day,malformed string,
CVE-2001-0015,Microsoft,Windows 2000,DDE,MS01-007,WINLOGON,
CVE-2001-0014,Microsoft,Windows 2000,Terminal Services,RDP,3389/tcp,
CVE-2001-0017,Microsoft,Windows NT,PPTP,memory leak,MS01-009,
CVE-2001-0016,Microsoft,Windows,NTLMSSP,NTLM,ntlmssps.dll,
CVE-2002-0371,Microsoft,Internet Explorer,buffer overflow,gopher,replies,
CVE-2002-0372,Microsoft,Windows Media Player,information disclosure,arbitrary code execution,Q320920,
CVE-2000-1090,Microsoft,IIS,DBCS,double-byte character set,Far East,
CVE-2007-2218,Microsoft,Windows,Secure Channel security package,remote code execution,SSL,
CVE-2003-0712,Microsoft,Outlook Web Access,OWA,cross-site scripting,css,
CVE-2001-1325,Microsoft,Internet Explorer,IE,Outlook,XML,
CVE-2009-1535,Microsoft,IIS,WebDAV,Remote Authentication Bypass,
CVE-2005-4089,Microsoft,Internet Explorer,IE,cross-domain violation,CSS,
CVE-2006-3868,Microsoft,Office,remote code execution,malformed Smart Tag,ms06-oct,
CVE-2006-3869,Microsoft,Internet Explorer,IE,buffer overflow,URL,
CVE-2006-3867,Microsoft,Excel,remote code execution,Lotus 1-2-3 file,ms06-oct,
CVE-2006-3650,Microsoft,Office,remote code execution,parse a file,malformed chart record,
CVE-2007-0870,Microsoft,Word,DoS,denial of service,ms07-may,
CVE-2003-0469,Microsoft,Internet Explorer,DoS,denial of service,ie,
CVE-2002-0624,Microsoft,SQL Server,buffer overflow,pwdencrypt() function,arbitrary code execution,
CVE-2002-0622,Microsoft,OWC,Commerce Server 2000,Q322273,MS02-033,
CVE-2002-0621,Microsoft,OWC,Commerce Server 2000,buffer overflow,Q322273,
CVE-2006-0004,Microsoft,PowerPoint,information disclosure,Temporary Internet Files Folder,TIFF,
CVE-2001-0332,Microsoft,MS00-033,MS01-027,Internet Explorer,IE,
CVE-2001-0335,Microsoft,IIS,Internet Information Server,Internet Information Services,MS01-026,
CVE-2005-2128,Microsoft,DirectShow,buffer overflow,.avi file,remote code execution,
CVE-2005-2123,Microsoft,Windows,remote code execution,buffer overflow,BoF,
CVE-2005-2122,Microsoft,Windows,Shell,remote code execution,.lnk file,
CVE-2005-2126,Microsoft,Windows,FTP Client,input validation error,remote code execution,
CVE-2005-2124,Microsoft,Windows,buffer overflow,BoF,WMF file,
CVE-2005-1989,Microsoft,Internet Explorer,web folders,cross-domain,MS05-038,
CVE-2004-0847,Microsoft,ASP.NET,canonicalization,ms07-oct,
CVE-2005-1982,Microsoft,PKINIT,information disclosure,MS05-042,
CVE-2002-1291,Microsoft,Virtual Machine,java applet,local filesystem access,codebase,
CVE-2002-1293,Microsoft,Virtual Machine,java,com.ms.vm.loader.CabCracker class,remote user,
CVE-2002-1292,Microsoft,Virtual Machine,Java,com.ms.security.StandardSecurityManager class,StandardSecurityManager,
CVE-2002-1295,Microsoft,Virtual Machine,java,APPLET tag,bypass class restrictions,
CVE-2002-1294,Microsoft,Virtual Machine,java,DoS,denial of service,
CVE-2004-0119,Microsoft,Windows,Negotiate Security Software Provider,SSP,authentication protocol selection,
CVE-2004-0117,Microsoft,Windows,H.323,unchecked buffers,Q835732,
CVE-2004-0116,Microsoft,RPCSS Service,memory leak,specially crafted messages,AD20040413A,
CVE-2004-0115,Microsoft,Virtual PC for Mac,insecure temporary file,log file,VPCServices_Log,
CVE-2007-3550,Microsoft,Internet Explorer,Intranet,Restricted,zones,
CVE-2002-1123,Microsoft,SQL Server 2000,buffer overrun,malformed login request,Q316333,
CVE-2000-0596,Microsoft,ActiveX,IE,Internet Explorer,PowerPoint,Excel,
CVE-2003-0446,Microsoft,Internet Explorer,malicious script,unparsable XML file,cross-site scripting,
CVE-2004-0212,Microsoft,Windows,Task Scheduler,application name validation,Q841873,
CVE-2008-1888,Microsoft,Windows,SharePoint Services,XSS,cross-site scripting,
CVE-2006-1306,Microsoft,Excel,remote code execution,OBJECT record,ms06-jul,
CVE-2006-1304,Microsoft,Excel,remote code execution,COLINFO record,ms06-jul,
CVE-2006-1302,Microsoft,Excel,remote code execution,SELECTION record,ms06-jul,
CVE-2006-1301,Microsoft,Excel,remote code execution,SELECTION record,ms06-jul,
CVE-2006-1309,Microsoft,Excel,remote code execution,LABEL record file,ms06-jul,
CVE-2006-1308,Microsoft,Excel,remote code execution,FNGROUPCOUNT value file,ms06-jul,
CVE-2002-0859,Microsoft,SQL Server,MS Jet Engine,buffer overflow,OpenDataSource function,
CVE-2008-2160,Microsoft,Windows CE,unspecified errors,JPEG images,GDI+,
CVE-2003-0660,Microsoft,Authenticode,ActiveX control,low memory,Q823182,
CVE-2003-0661,Microsoft,buffer overflow,Local Troubleshooter ActiveX control,Tshoot.ocx,Q826232,
CVE-2007-5351,Microsoft,SMBv2 protocol,remote code execution,ms07-dec,
CVE-2006-4687,Microsoft,Internet Explorer,IE,remote code execution,HTML rendering,
CVE-2006-4686,Microsoft,XML,Core Services,remote code execution,XSLT processing,
CVE-2006-4689,Microsoft,Client Service for NetWare,CSNW,DoS,denial of service,
CVE-2006-4688,Microsoft,Client Service for NetWare,CSNW,remote code execution,
CVE-2010-2561,Microsoft,XML,Core Services,HTTP Response Handling,
CVE-2006-3438,Microsoft,Hyperlink Object Library,remote code execution,malformed function,hyperlinks,
CVE-2006-3436,Microsoft,.NET Framework,cross-site scripting,xss,ms06-oct,
CVE-2006-3435,Microsoft,PowerPoint,remote cod execution,parse a file,malformed object pointer,
CVE-2006-3434,Microsoft,Office,remote code execution,parse a file,malformed string,
CVE-2006-3449,Microsoft,PowerPoint,remote code execution,parse,malformed record,
CVE-2006-3444,Microsoft,Windows 2000,Kernel,privilege escalation,system inputs,
CVE-2006-3445,Microsoft,Agent,remote code execution,.ACF files,ms06-nov,
CVE-2006-3442,Microsoft,PGM,Pragmatic General Multicast,remote code execution,MSMQ service,
CVE-2006-3443,Microsoft,Windows,Kernel,privilege escalation,Windows 2000,
CVE-2006-3441,Microsoft,DNS Client,buffer overflow,ms06-aug,
CVE-2007-0025,Microsoft,MFC component,embedded OLE object,RTF file,ms07-feb,
CVE-2006-5578,Microsoft,Internet Explorer,TIF Folder,arbitrary file access,ms06-dec,
CVE-2006-5579,Microsoft,Internet Explorer,Script Error Handling,Memory Corruption,ms06-dec,
CVE-2006-5574,Microsoft,Office 2003,Brazilian,Portuguese,Grammar Checker,
CVE-2002-0187,Microsoft,SQLXML,filter,cross-site scripting,css,
CVE-2006-5745,Microsoft,MSXML,MSXML4,MSXML2.XMLHTTP.4.0,{88d969c5-f192-11d4-a65f-0040963251e5},
CVE-1999-0385,Microsoft,LDAP,buffer overflow,Bind,
CVE-2010-3971,Microsoft,Internet Explorer,DLL library,css files,import,
CVE-2010-3970,Microsoft,Windows,Graphics Rendering Engine,
CVE-2008-0088,Microsoft,Windows,DoS,denial of service,LDAP requests,
CVE-2008-0085,Microsoft,SQL Server,information disclosure,memory page reuse,ms08-jul,
CVE-2008-0084,Microsoft,Windows,Vista,DoS,denial of service,
CVE-2008-0087,Microsoft,Windows DNS clients,spoofing,redirecting Internet traffic,legitimate locations,
CVE-2008-0086,Microsoft,SQL Server,Buffer Overrun,Covert Function,ms08-jul,
CVE-2008-0080,Microsoft,Windows,remote code execution,WebDAV Mini-Redirector,ms08-feb,
CVE-2008-0083,Microsoft,VBScript,JScript,scripting engines,decode script,
CVE-2008-0082,Microsoft,Windows Messenger,information disclosure,Messenger.UIAutomation.1,ms08-aug,
CVE-2003-0117,Microsoft,BizTalk Server,buffer overflow,HTTP receiver component,Q815206,
CVE-2003-0114,Microsoft,Internet Explorer,file upload control,arbitrary file,Q813489,
CVE-2003-0115,Microsoft,Internet Explorer,render,third-party file,crafted URL,
CVE-2002-0189,Microsoft,Microsoft Internet Explorer,destination URL,cross-site scripting,css,multiple domains,
CVE-2008-1451,Microsoft,Windows Internet Name Service,WINS,privilege escalation,WINS network packets,
CVE-2008-1453,Microsoft,Windows,remote code execution,Bluetooth stack,service description requests,
CVE-2006-2766,Microsoft,Windows,remote code execution,parsing,MHTML protocol,
CVE-2002-0864,Microsoft,Windows XP,Remote Desktop,reboot,Pattern BLT command,
CVE-2006-2374,Microsoft,Server Message Block,SMB,DoS,denial of service,
CVE-2007-3041,Microsoft,pdwizard.ocx,arbitrary code execution,ActiveX object,memory corruption,
CVE-2006-2371,Microsoft,Remote Access Connection Manager service,RASMAN,buffer overflow,remote code execution,
CVE-2006-2370,Microsoft,Routing and Remote Access,RRAS,remote code execution,buffer overflow,
CVE-2006-2379,Microsoft,arbitrary code execution,IP Source Route,ms06-june,MS06-032,
CVE-2006-2378,Microsoft,Internet Explorer,arbitrary code execution,.art file,heap corruption MS06-022,
CVE-2002-1255,Microsoft,Outlook,DoS,denial of service,malformed header,
CVE-2002-1256,Microsoft,Windows,Server Message Block,SMB,signing policy,
CVE-2006-3649,Microsoft,Visual Basic for Applications,VBA,remote code execution,document properties,
CVE-2003-0824,Microsoft,FrontPage Server Extensions,DoS,denial of service,consume all resources,
CVE-2003-0825,Microsoft,Windows Internet Naming Service,WINS,packet length,specially crafted packets,
CVE-2007-5460,Microsoft,ActiveSync,information disclosure,password obfuscation,
CVE-2003-0905,Microsoft,Windows Media Services,Media Station Service,Media Monitor Service,DoS,
CVE-2005-0550,Microsoft,MS05-018,DoS,denial of service,object management,
CVE-2005-0558,Microsoft,microsoft,word,buffer,overflow,local,
CVE-2007-3901,Microsoft,DirectX,remote code execution,SAMI,stack,
CVE-2007-3902,Microsoft,Internet Explorer,arbitrary code execution,ms07-dec,
CVE-2007-3903,Microsoft,Internet Explorer,arbitrary code execution,ms07-dec,
CVE-2001-0018,Microsoft,Windows 2000,Domain Controller,Kerberos,DoS,
CVE-2007-3670,Microsoft,Mozilla,Firefox,Internet Explorer,remote code execution,
CVE-2004-0727,Microsoft,Internet Explorer,ie,function redirection,location.assign,
CVE-2003-0909,Microsoft,Windows XP create task,elevated privileges,Q835732,MS04-011,
CVE-2003-0908,Microsoft,Windows,Utility Manager,launch application,Q835732,
CVE-2005-1988,Microsoft,Internet Explorer,buffer overflow,JPEG image rendering,MS05-038,
CVE-2005-1984,Microsoft,Print Spooler Service,buffer overflow,MS05-043,
CVE-2005-1985,Microsoft,Client Service for NetWare,CSNW,buffer overflow,network message,
CVE-2005-1987,Microsoft,Collaboration Data Objects,CDO,buffer overflow,remote code execution,
CVE-2005-1983,Microsoft,Plug and Play,MS05-039,Zotob,RPC,
CVE-2001-0500,Microsoft,Index Server,Indexing Service,IIS,Internet Information Server,
CVE-2010-2564,Microsoft,Windows,Movie Maker,String Parsing,Buffer Overflow,
CVE-2002-1181,Microsoft,Internet Information Server,IIS,cross-site scripting,css,
CVE-2002-1180,Microsoft,Internet Information Server,IIS,.COM file,upload,
CVE-2002-1182,Microsoft,Internet Information Server,IIS,large amount of memory,malformed WebDAV request,
CVE-2002-1187,Microsoft,Internet Explorer,child frame,URL location,My Computer zone,
CVE-2007-1528,Microsoft,Windows,Vista,spoofing,HELLO packets,
CVE-2002-0373,Microsoft,Windows Media Player,local user,execute program,elevated privileges,
CVE-2006-0014,Microsoft,Outlook Express,buffer overflow,Windows Address Book,.wab file,
CVE-2007-1658,Microsoft,Mail,remote code execution,e-mail messages,UNC navigation requests,
