CVE-2002-0930,Novell,NetWare,FTP server,format string,login,
CVE-2002-0996,Novell,NetMail,buffer overflow,ModWeb module,buffer overflow webadmin interface,
CVE-2008-1330,Novell,GroupWise,Windows client API,security bypass,information disclosure,
CVE-2005-3315,Novell,ZENworks,Patch Management,SQL injection,Direction parameter,
CVE-2005-3314,Novell,NetMail,IMAP server,stack-based buffer overflow,parse long verb arguments,
CVE-2006-6299,Novell,ZENworks,Asset Management,heap overflow,Msg.dll,
CVE-2006-1218,Novell,BorderManager,proxy,DoS,denial of service,
CVE-2006-6761,Novell,NetMail,IMAP,buffer overflow,SUBSCRIBE commands,
CVE-2006-6762,Novell,NetMail,IMAP,DoS,denial of service,
CVE-2002-1552,Novell,Netware,Remote Manager,incorrect permissions,expired password account,
CVE-2002-1002,Novell,NetWare,IManage,buffer overflow,long string of characters,
CVE-2007-5767,Novell,BorderManager,Client Trust,arbitrary code execution,validation request,
CVE-2005-2276,Novell,Groupwise,WebAccess,CSS,cross-site scripting,
CVE-2005-2804,Novell,Groupwise Client,integer overflow,saved port number,authentication store,
CVE-2009-0273,Novell,GroupWise,WebAccess,xss,cross-site scripting,
CVE-2003-0563,Novell,Netware Enterprise Server,buffer overflow,long string of characters,lcgi handler,
CVE-2006-0736,Novell,CASA,stack,buffer overflow,pam_micasa,
CVE-2006-4506,Novell,Identity Manager,arbitrary command execution,",quote,
CVE-2006-4509,Novell,eDirectory,integer overflow,evtFilteredMonitorEventsRequest function,
CVE-2005-0819,Novell,Netware,Xwindow,unauthenticated remote user,xvesa,
CVE-2002-1413,Novell,Netware,RCONAG6,user password,Secure IP,
CVE-2006-4521,Novell,eDirectory,DoS,denial of service,BerDecodeLoginDataRequeset() function,
CVE-2005-2551,Novell,eDirectory Server,arbitrary command execution,iMonitor,
CVE-2003-0851,Novell,SSL,niscc,ouspg,uniras,
CVE-2005-2346,Novell,Groupwise Client,buffer overflow,parse,GWVW02ES.INI,
CVE-2005-1729,Novell,eDirectory,DoS,Denial of Service,reserved MS-DOS device names,
CVE-2005-1247,Novell,Nsure Audit,DoS,denial of service,webadmin.exe,
CVE-2006-2185,Novell,Netware,portal.nlm,information disclosure,abend.log,
CVE-2007-2171,Novell,GroupWise,WebAccess,GWINTER.exe,stack overflow,
CVE-2006-6424,Novell,NetMail,NMAP,buffer overflow,STOR commands,
CVE-2006-5478,Novell,eDirectory,buffer overflow,httpstk.dll library,dhost.exe web interface,
CVE-2007-5702,Novell,OpenSUSE,SWAMP,cross-site scripting,xss,
CVE-2005-1730,Novell,iManager,Openssl,DoS,denial of service,
CVE-2002-1088,Novell,GroupWise,buffer overflow,long string of characters,RCPT field,
CVE-2008-4478,Novell,eDirectory,dhost.exe Content-Length Header,Heap-Based Buffer Overflow,
CVE-2008-4479,Novell,eDirectory,dhost.exe Accept Language Header,Heap-Based Buffer Overflow,
CVE-2006-3268,Novell,GroupWise,security bypass,Windows,Client API,
CVE-2005-1976,Novell,NetMail,binaries,Owner ID,Group ID,
CVE-2005-0746,Novell,iChain,FTP server,information disclosure,PWD commands,
CVE-2002-1283,Novell,NetWare,IManager,eMFrame,eDirectory,
CVE-2007-6302,Novell,NetMail,arbitrary code execution,
CVE-2006-4177,Novell,eDirectory,NCP,heap overflow,IP length,
CVE-2001-0355,Novell,GroupWise,policy,
CVE-2006-0992,Novell,GroupWise,GroupWise Messenger,buffer overflow,arbitrary code execution,
CVE-2007-1309,Novell,Access Manager,security bypass,policy.txt,SSLVPN server,
CVE-2006-6450,Novell,ZENworks,Patch Management,SQL injection,agentid parameter,
CVE-2005-2176,Novell,Netmail,cross-site scripting,css,rendering,
CVE-2008-0935,Novell,iPrint Client,iPrint ActiveX control,buffer overflow,ExecuteRequest() method,
CVE-2007-2954,Novell,Client,stack overflow,arbitrary code execution,NWSPOOL.DLL,
CVE-2002-0929,Novell,NetWare,DHCP server,buffer overflow,DoS,
CVE-2010-3609,Novell,OpenSLP,novell,suse,vmware,SLP,
CVE-2012-0435,Novell,suse,novell,webyast,mitm,
CVE-2007-5665,Novell,ZENworks Endpoint Security Management,local privilege escalation,STEngine.exe,
CVE-2001-0486,Novell,BorderManager,VPN,353/tcp,HI200101,
CVE-2007-5762,Novell,NetWare Clien,input validation,nicm.sys device,
CVE-2005-1757,Novell,NetMail,Modweb agent,DoS,denial of service,
CVE-2005-1756,Novell,NetMail,cross-site scripting,css,calendar display fields,
CVE-2005-1758,Novell,NetMail,buffer overflow,arbitrary code execution,boundary error,
CVE-2007-4526,Novell,Identity Manager,information disclosure,Client Login Extension,username,
CVE-2006-4511,Novell,GroupWise Messenger,DoS,denial of service,HTTP POST request,
CVE-2006-4510,Novell,eDirectory,evtFilteredMonitorEventsRequest function,arbitrary code execution,invalid free,
CVE-2006-4517,Novell,iManager,Tomcat server,DoS,denial of service,
CVE-2003-0562,Novell,Netware Enterprise Server,buffer overflow,long string of characters,perl handler,
CVE-2012-4933,Novell,information disclosure,novell,zenworks,metasploit,rapid7,
CVE-2008-2069,Novell,GroupWise,buffer overflow,mailto scheme,arbitrary code execution,
CVE-2005-0797,Novell,iChain Mini FTP Server,information disclosure,error messages,
CVE-2002-0782,Novell,Border Manager,DoS,denial of service,multiple connections,
CVE-2008-2436,Novell,iPrint Client,heap-based buffer overflow,boundary error,nipplib.dll,
CVE-2002-0997,Novell,NetMail,IMAP service,buffer overflow,
CVE-2008-4480,Novell,eDirectory,Core Protocol Opcode 0x24,Heap-Based Buffer Overflow,
CVE-2006-1322,Novell,Netware,DoS,NWFTPD.NLM,MDTM command,
CVE-2006-4803,Novell,Identity Manager,arbitrary command execution,UNIX receiver,Fan-Out Linux,
CVE-2008-2145,Novell,Client Login,DoS,boundary error,LOGINW32.DLL,
CVE-2007-6435,Novell,Groupwise,stack overflow,arbitrary code execution,SRC,
CVE-2006-6425,Novell,NetMail,IMAP,buffer overflow,APPEND commands,
CVE-2005-2469,Novell,NetMail,NMAP Agent,Network Messaging Application Protocol,buffer overflow,
CVE-2008-1809,Novell,eDirectory,DoS,denial of service,heap buffer,
CVE-2007-2513,Novell,GroupWise,information disclosure,man-in-the-middle,
CVE-2007-3200,Novell,Modular Authentication Service,information disclosure,NMASINST,NMASINST.LOG file,
CVE-2007-3207,Novell,NetWare,buffer overflow,NFS mount daemon,XNFS.NLM,
CVE-2005-2620,Novell,GroupWise,information disclosure,cache,user credentials,
CVE-2007-5667,Novell,NetWare Client,privilege escalation,arbitrary code execution,\.\nwfilter,
CVE-2006-6307,Novell,Client,DoS,denial of service,srvloc.sys,
CVE-2010-0284,Novell,Access Manager,Arbitrary File Upload,PortalModuleInstallManager,
CVE-2006-2496,Novell,eDirectory,buffer overflow,DoS,iMonitor,
CVE-2008-0926,Novell,eDirectory,DoS,denial of service,eMBox Utility,
CVE-2008-0924,Novell,eDirectory,buffer overflow,LDAP Extended Request message,
CVE-2008-0925,Novell,eDirectory,xss,cross-site scripting,unspecified parameters,
CVE-2002-1436,Novell,Perl handler,code execution,POST method,
