CVE-2001-0477,PHP,Craig Knudsen,WebCalendar,
CVE-2007-5898,PHP,htmlspecialchars function,multibyte sequences,htmlentities function,
CVE-2007-5899,PHP,information disclosure,output_add_rewrite_var function,
CVE-2007-1900,PHP,FILTER_VALIDATE_EMAIL filter,ext/filter extension,newline injection,regular expression,
CVE-2008-1384,PHP,printf() function,interger overflow,formatted_print.c file,
CVE-2012-2568,PHP,Seagate,BlackArmor,password,php,reset,
CVE-2007-5390,PHP,PicoFlat,CMS,information disclosure,remote file inclusion,pagina parameter,
CVE-2005-3319,PHP,.htaccess,DoS,denial of service,session.save_path path,
CVE-2007-1460,PHP,PECL zip extension,arbitrary archive access,safemode,open_basedir,
CVE-2007-1287,PHP,phpinfo,xss,cross-site scripting,user supplied arrays,
CVE-2006-4442,PHP,iAddressBook,cross-site scripting,xss,cat_name form field parameter,
CVE-2002-0549,PHP,anthill,php,bugzilla,
CVE-2006-4625,PHP,information disclosure,ini_restore,Apache,httpd.conf,
CVE-2006-4482,PHP,integer overflow,wordwrap,64 bit,str_repeat,
CVE-2006-4486,PHP,DoS,Denial of Service,memory_limit,64 bit,
CVE-2006-4485,PHP,DoS,denial of service,stripos,
CVE-2007-1583,PHP,mb_parse_str() function,register_globals,memory_limit,apple_2007-007,
CVE-2007-5653,PHP,security bypass,COM,
CVE-2002-1396,PHP,buffer overflow,wordwrap() function,
CVE-2008-4439,PHP,MartinWood Datafeed Studio,INSTALL_FOLDER,
CVE-2002-0229,PHP,safe_mode,filesystem circumvention,LOAD,DATA,
CVE-2001-0108,PHP,Apache,.htaccess,mod_php,
CVE-2008-2666,PHP,safe_mode bypass,chdir(),ftok(),
CVE-2007-3799,PHP,information disclosure,session cookie,special characters,session_start function,
CVE-2007-3160,PHP,Real Estate Classifieds,arbitrary file inclusion,loc parameter,admin/header.php,
CVE-2006-1017,PHP,information disclosure,imap_open,
CVE-2006-1015,PHP,arbitrary file creation,unauthorized data modification,-C argument,-X argument,
CVE-2006-1014,PHP,arbitrary file creation,unauthorized data modification,-C argument,-X argument,
CVE-2007-4659,PHP,information disclosure,execution interruption,zend_alter_ini_entry function,memory_limit violation,
CVE-2007-4657,PHP,information disclosure,strspn function,strcspn function,
CVE-2007-4652,PHP,authentication bypass,open_basedir,symlink,
CVE-2001-1044,PHP,BasiliX,.class,.inc,php,
CVE-2005-3392,PHP,restriction bypass,Apache 2,virtual(),
CVE-2005-3391,PHP,restriction bypass,curl,gd,safe_mode,
CVE-2005-3390,PHP,arbitrary file inclusion,arbitrary code execution,$GLOBALS overwrite,
CVE-2006-1291,PHP,iCalendar,unauthorized data modification,arbitrary code execution,WebDAV PUT,
CVE-2006-1292,PHP,iCalendar,arbitrary file upload,directory traversal,cookie_style,
CVE-2004-0490,PHP,cPanel,Apache,mod_php,suexec,
CVE-2006-5465,PHP,htmlspecialchars,heap overflow,boundary checking error,apple-2006-007,
CVE-2015-0935,PHP,Bomgar,CWE-502,RCE,
CVE-2005-0524,PHP,infinite loop,DoS,denial of service,getimagesize(),
CVE-2005-1043,PHP,DoS,EXIF,IFD tag,nesting level,
CVE-2005-1042,PHP,integer overflow,exif_process_IFD_TAG(),EXIF,IFD,
CVE-2004-1064,PHP,realpath(),information disclosure,file inclusion,
CVE-2004-1065,PHP,long section names,exif_read_data(),boundary error,
CVE-2004-1063,PHP,safe_mode_exec_dir restriction bypass,shell command injection,safe_mode,
CVE-2004-1392,PHP,cURL,directory traversal,open_basedir,
CVE-2006-6748,PHP,Newxooper,arbitrary code execution,file inclusion,chemin parameter,
CVE-2007-2728,PHP,SOAP,authentication bypass,uninitialized variable,make_http_soap_request() function,
CVE-2002-0121,PHP,session ID,insecure directory,/tmp,
CVE-2007-0907,PHP,buffer underflow,DoS,denial of service,sapi_header_op function,
CVE-2007-0906,PHP,stack overflow,sqlite extension,buffer overflow,ibase_modify_user(),
CVE-2006-3016,PHP,unspecified error,
CVE-2006-3011,PHP,error_log function,authentication bypass,information disclosure,destination parameter,
CVE-2006-3018,PHP,session module,DoS,memory corruption,
CVE-2007-1718,PHP,mail(),folded email headers,arbitrary header injection,
CVE-2007-1711,PHP,arbitrary code execution,double free,apple_2007-007,
CVE-2007-1864,PHP,buffer overflow,libxmlrpc,
CVE-2007-4840,PHP,buffer overflow,DoS,denial of service,iconv,
CVE-2001-0042,PHP,apache,php,windows,nt,2000,
CVE-2001-0043,PHP,php,phpGroupWare,include(),phpgw.inc.php,
CVE-2007-1521,PHP,double free,session_regenerate_id(),apple_2007-007,
CVE-2007-1522,PHP,internal storage modules,double free,rejected sessions,
CVE-2008-0599,PHP,cgi_main.c,PATH_Translated,unknown impact,EXP00-C,
CVE-2007-1461,PHP,bz2 extension,compress.bzip2:// URL Wrapper,arbitrary archive access,safemode,
CVE-2006-4812,PHP,DoS,denial of service,arbitrary code execution. unserialize,_ecalloc,
CVE-2004-1020,PHP,addslashes,magic_quote_gpc,null byte,\0,
CVE-2006-1990,PHP,wordwrap,integer overflow,arbitrary code execution,string.c,
CVE-2006-1991,PHP,substr_compare,offset argument,DoS,memory access violation,
CVE-2002-2214,PHP,DoS,denial of service,php_if_imap_mime_header_decode,IMAP functionality,
CVE-2010-2225,PHP,P,H, ,",s,
CVE-2005-2498,PHP,remote code execution,PHPXMLRPC,Drupal,PEAR,
CVE-2001-0234,PHP,security,DaemonNews,NewsDaemon,$user_username,
CVE-2007-1825,PHP,buffer overflow,imap_mail_compose() function,
CVE-2007-1824,PHP,off-by-one error,php_stream_filter_create() function,wildcard,filter,
CVE-2005-0525,PHP,getimagesize(),infinite loop,DoS,denial of service,
CVE-2007-0905,PHP,security restriction bypass,safe_mode,open_basedir,session extension,
CVE-2003-0863,PHP,php_check_safe_mode_include_dir(),streams.c,fopen_wrappers.c,php_stream_fopen_with_path(),
CVE-2003-0860,PHP,integer overflow,base64_encode() function,stack overflow,zendlex(),
CVE-2007-4033,PHP,arbitrary code execution,buffer overflow,php_gd2.dll,gd (PHP_GD2) extension,
CVE-2007-1835,PHP,arbitrary file access,empty session save paths,open_basedir check bypass,
CVE-2005-3054,PHP,fopen wrappers,security bypass,open_basdir,/,
CVE-2006-4481,PHP,bypass settings,imap_reopen,safe_mode,open_basedir,
CVE-2006-4484,PHP,gd extension,heap overflow,LWZReadByte_,GIF,
CVE-2004-0595,PHP,strip_tags(),cross-site scripting,css,
CVE-2004-0594,PHP,memory_limit,arbitrary code execution,heap corruption,
CVE-2008-2829,PHP,php_imap.c,DoS,denial of service,long IMAP request,
CVE-2008-1734,PHP,Toolkit,: Data Interpretation conflict,DoS,denial of service,
CVE-2002-0081,PHP,php_mime_split,arbitrary code execution,POST method,multipart/form-data,
CVE-2006-0207,PHP,session,HTTP header injection,HTTP response splitting,cross-site scripting,
CVE-2006-0996,PHP,phpinfo(),arbitrary code execution,array request,
CVE-2006-4433,PHP,PHPSESSID,character set,session identifier,third party session handlers,
CVE-2006-0208,PHP,cross-site scripting,css,display_errors,html_errors,
CVE-2007-4658,PHP,information disclosure,money_format function,
CVE-2006-6711,PHP,Newxooper,arbitrary code execution,file inclusion,computer/mapage.php,
CVE-2007-2748,PHP,information disclosure,substr_count function,
CVE-2007-0909,PHP,odbc_result_all(),format string,format string error,*print() functions,
CVE-2007-0908,PHP,information disclosure,wddx extension,
CVE-2007-1453,PHP,buffer underflow,memory manager,whitespace,
CVE-2007-1649,PHP,unserialize() function,information disclosure,specially escaped,S:,
CVE-2006-1958,PHP,WWWthreads,SQL injection,referral_id,register,php,
CVE-2007-2510,PHP,buffer overflow,make_http_soap_request,
CVE-2007-2511,PHP,buffer overflow,user_filter_factory_create,
CVE-2006-1608,PHP,safe mode,bypass,copy(),compress.zlib://URI,
CVE-2004-0530,PHP,Slackware,/tmp,arbitrary code execution,DoS,
CVE-2007-5156,PHP,FCKEditor,file upload,php,editor/filemanager/upload/php/upload.php,multiple file extensions,
CVE-2014-0334,PHP,cms,cms made simple,php,xss,
CVE-2007-1884,PHP,buffer overflow,print() PHP function,32 bits,63 bits,
CVE-2007-1883,PHP,information leak,iptcembed() interruption,
CVE-2007-0988,PHP,DoS,denial of service,unserialize,untrusted data,
CVE-2006-5509,PHP,WoltLab,Burning Book,arbitrary code execution,POST,
CVE-2007-3996,PHP,libgd,integer overflow,arbitrary code execution,gdImageCopyResized,
CVE-2007-2727,PHP,information disclosure,authentication bypass,mcrypt_create_iv function,php_rand_r,
CVE-2006-4020,PHP,sscanf(),array boundary error,security bypass,$1s format specifier,
CVE-2002-0484,PHP,safe_mode,open_basedir,file upload,restricted locations,
CVE-2007-3378,PHP,security restriction bypass,safe_mode,open_basedir,.htaccess,
CVE-2007-3294,PHP,Tidy Extension,buffer overflow,tidy_parse_string() function,php_tidy.dll,
CVE-2007-5900,PHP,ini_set() function,httpd.conf,
CVE-2007-3997,PHP,MySQLi,information disclosure,authentication bypass,MySQL LOCAL INFILE operations,
CVE-2007-3998,PHP,DoS,denial of service,divide-by-zero,chr(0),
CVE-2007-1717,PHP,mail(),arbitrary message truncation,ASCIIZ,\0,
CVE-2007-1710,PHP,readfile function,read arbitrary files,safe_mode restrictions,
CVE-2007-1452,PHP,ext/filter,FDF,site wide filters,
CVE-2007-1454,PHP,FILTER_SANITIZE_STRING,ext/filter,HTML tags,
CVE-2005-2580,PHP,My Bulletin Board,authentication bypass,/admin/index.php,SQL injection,parameters,
CVE-2008-4448,PHP,Cross-site request forgery (CSRF),php,H-Sphere,
CVE-2005-3883,PHP,cross-site scripting,CSS,mail header injection,to: address,
CVE-2003-0442,PHP,cross-site scripting,css,transparent SID support,
CVE-2007-4783,PHP,buffer overflow,DoS,denial of service,iconv_substr,
CVE-2007-4782,PHP,buffer overflow,DoS,denial of service,fnmatch,
CVE-2007-4784,PHP,denial of service,DoS,segmentation fault,setlocale(),
CVE-2006-1494,PHP,open_basedir directive,bypass,tempnam(),
CVE-2006-1490,PHP,html_entity_decode,information disclosure,memory leak,apple-2006-007,
CVE-2007-1001,PHP,integer overflow,readwbmp function,ext/gd/libgd/wbmp.c,apple_2007-007,
CVE-2001-0777,PHP,Omnicron,OmniHTTPd,web server,DoS,
CVE-2000-1166,PHP,twig,php,
CVE-2002-0253,PHP,webroot,path disclosure,include file,relative directory,
CVE-2013-0135,PHP,php,address book,cwe-89,
CVE-2007-2872,PHP,integer overflow,heap overflow,chunk_split() function,
CVE-2005-3388,PHP,cross-site scripting,css,phpinfo,
CVE-2005-3389,PHP,parse_str,memory_limit,register_globals,
CVE-2007-1700,PHP,arbitrary code execution,_SESSION unset(),
CVE-2007-1701,PHP,arbitrary code execution,_SESSION array,
CVE-2007-4662,PHP,DoS,denial of service,php_openssl_make_REQ function,
CVE-2007-4663,PHP,directory traversal,../,glob function,open_basedir restrictions,
CVE-2006-2563,PHP,curl_init(),safe mode bypass,null byte characters,
CVE-2006-1549,PHP,DoS,recursive function,function *(),
CVE-2007-3806,PHP,glob,arbitrary code execution,
CVE-2005-0411,PHP,CitrusDB,directory traversal,php,
CVE-2004-1019,PHP,information disclosure,arbitrary code execution,unserialize(),
CVE-2004-1018,PHP,shmop_write(),out-of-bounds memory location,
CVE-2008-3658,PHP,HP,Secure Web Server,Tru64 UNIX,Internet Express,
CVE-2007-4850,PHP,safe mode bypass,php_url_parse_ex() function,
CVE-2007-0910,PHP,super-global variables,
CVE-2007-0911,PHP,DoS,denial of service,str_ireplace( ),
CVE-2007-1396,PHP,arbitrary variable overwrite,import_request_variables(),
CVE-2007-2844,PHP,race condition,crypt() function,multi-threaded systems,
CVE-2011-1657,PHP,Buffer Overflow,
CVE-2001-1246,PHP,Personal HomePage development toolkit,user input,safemode,safe_mode,
CVE-2006-2660,PHP,tempnam(),bypass,unique name,
CVE-2001-1385,PHP,Apache,virtual hosts,mod_php,
CVE-2005-1921,PHP,remote code execution,XML-RPC,Pear XMLRPC,Lupper,
CVE-2005-3353,PHP,DoS,denial of service,JPEG image,exif_read_data,
CVE-2007-5600,PHP,Artmedic,CMS,input validation,ssh2.sftp,page parameter,
CVE-2004-0959,PHP,directory traversal,arbitrary file uploading,arbitrary code execution,$_FILES,
CVE-2004-0958,PHP,array parsing,php_variables.c,phpinfo,
CVE-2007-1380,PHP,session extension,heap overflow,information disclosure,variable name,
CVE-2007-0871,PHP,eXtreme File Hosting,file upload,php,.rar,
CVE-2006-6360,PHP,Upload Center,file inclusion,language parameter,activate.php,
CVE-2001-1348,PHP,TWIG,Webmail,SQL,inject,form variable,
CVE-2007-1484,PHP,arbitrary code execution,array_user_key_compare,key references,apple_2007-007,
CVE-2001-0475,PHP,Jelsoft,vBulletin,
CVE-2001-0201,PHP,Postaci,PostgreSQL,Umut Gokbayrak,
CVE-2007-0448,PHP,privilege escalation,bypass safe_mode,
CVE-2003-0166,PHP,integer sign error,socket_recvfrom() function,integer overflow,emalloc() function,
CVE-2012-1823,PHP,parallels,plesk,panel,phppath,php,
CVE-2008-1909,PHP,Knowledge Base,PHPKB,sql injection,ID parameter,
CVE-2002-0717,PHP,HTTP POST request,headers,
CVE-2006-5178,PHP,race condition,symlinks,open_basedir,
CVE-2007-1777,PHP,integer overflow,arbitrary code execution,zip_read_entry,.zip,
CVE-2007-1375,PHP,integer overflow,arbitrary memory access,substr_compare(),input parameters,
CVE-2007-1376,PHP,arbitrary memory access,arbitrary code execution,shared memory functions,shmop,
CVE-2007-2509,PHP,arbitrary newline character injection,ftp_putcmd,CRLF,
CVE-2005-1604,PHP,Advanced Transfer Manager,uploads,multiple file extensions,arbitrary code execution,
CVE-2007-2519,PHP,PEAR installer,directory traversal,installation paths,
CVE-2007-1889,PHP,Zend Memory Manager,buffer overflow,
CVE-2008-2665,PHP,safe_mode bypass,posix_access(),
