CVE-2007-3615,SAP,Internet Communication Manager,DoS,denial of service,URI of 264 bytes,
CVE-2007-3613,SAP,Internet Graphics Server,buffer overflow,error messages,
CVE-2008-4387,SAP,Internet Explorer,IE,COM,ActiveX,
CVE-2008-2421,SAP,Web Application Server,xss,cross-site scripting,/sap/bc/gui/sap/its/webgui/,
CVE-2007-4475,SAP,Internet Explorer,IE,COM,ActiveX,
CVE-2005-1691,SAP,Internet Graphics Server,IGS,directory traversal,document path,
CVE-2008-1810,SAP,MaxDB,dbmsrv,untrusted execution path vulnerability,
CVE-2007-3624,SAP,Message Server,heap buffer overflow,HTTP,unauthenticated,
CVE-2010-0219,SAP,BusinessObject,s Axis2,Default Password,
CVE-2006-4134,SAP,Internet Graphics Service,denial of service,DoS,HTTP request,
CVE-2006-6346,SAP,Internet Graphics Service,DoS,denial of service,information disclosure,
CVE-2001-0366,SAP,expand,user input,popen(),PATH,
CVE-2007-3496,SAP,Netweaver,Web Dynpro Java component,xss,cross-site scripting,
CVE-2007-3495,SAP,Internet Communication Framework,xss,cross-site scripting,default login error page,
CVE-2006-5784,SAP,Web Application Server,arbitrary file access,
CVE-2006-6345,SAP,Internet Graphics Service,directory traversal,IGS,
CVE-2006-5114,SAP,Internet Transaction Server,xss,cross-site scripting,~command,
CVE-2008-2123,SAP,Internet Tansaction Server,XSS,cross-site scripting,wgate.dlll,
CVE-2006-5785,SAP,Web Application Server,DoS,denial of service,enserver.exe,
