CVE-2003-0464,Suse,SuSE,Linux,kernel panic,pptpd,MSS,
CVE-2001-0109,Suse,SuSE,rctab,race,tmp,temporary,
CVE-2004-0064,Suse,SuSE,SuSEconfig.gnome-filesystem,insecure temporary files,privilege escalation,
CVE-2007-5471,Suse,SUSE,Linux Enterprise Server,denial of service,DoS,dynamic dns update requests,
CVE-2007-4135,Suse,SUSE,NFSv4 ID mapper,nfsidmap,uid translation flaw in name lookups,
CVE-2000-1107,Suse,SuSe,ident,identd,Linux,buffer overflow,
CVE-2004-1190,Suse,SUSE,Linux,Read only,firmware,SCSI CD Devices,
CVE-2008-3187,Suse,SUSE,openSUSE,zypp-refresh-patches,zypper,DoS,
CVE-2000-0293,Suse,SuSE,cron.daily,file deletion,
CVE-2010-3609,Suse,OpenSLP,novell,suse,vmware,SLP,
CVE-2012-0435,Suse,suse,novell,webyast,mitm,
CVE-2001-0172,Suse,reiserfs,SuSE,
CVE-2000-0340,Suse,SuSE,6.3,buffer overflow,gnomelib,gnome,
CVE-2007-4045,Suse,SUSE,Linux,CUPS service,DoS,denial of service,
