CVE-2006-5595,Wireshark,DoS,denial of service,AirPcap,WEP,
CVE-2006-3628,Wireshark,Ethereal,format string,NTP dissector,XML dissector,
CVE-2006-3629,Wireshark,Ethereal,DoS,memory allocation,MOUNT dissector,
CVE-2006-3627,Wireshark,Ethereal,DoS,GSM BSSMAP dissector,
CVE-2007-3389,Wireshark,DoS,denial of service,chunked encoding,HTTP,
CVE-2007-0457,Wireshark,DoS,denial of service,IEEE 802.11 dissector,
CVE-2008-3145,Wireshark,DoS,denial of service,reassembling packets,
CVE-2007-0456,Wireshark,DoS,denial of service,LLT dissector,
CVE-2007-0459,Wireshark,DoS,denial of service,TCP dissector,HTTP packets,
CVE-2007-0458,Wireshark,DoS,denial of service,HTTP dissector,
CVE-2006-4574,Wireshark,DoS,denial of service,off-buy-one error,MIME Multipart dissector,
CVE-2006-3631,Wireshark,Ethereal,DoS,infinite loop,SSH dissector,
CVE-2006-3630,Wireshark,Ethereal,off-by-one,NMAS dissector,NDPS dissector,
CVE-2006-3632,Wireshark,Ethereal,buffer overflow,NFS dissector,
CVE-2008-5285,Wireshark,WireShark,DoS,denial of service,SMTP dissector,infinite loop,
CVE-2007-3391,Wireshark,resource consumption,infinite loop,DoS,Denial of service,
CVE-2007-3390,Wireshark,DoS,denial of service,iSeries capture files,SIGTRAP,
CVE-2007-3393,Wireshark,DHCP/BOOTP dissector,off-by-one error,DoS,denial of service,
CVE-2007-3392,Wireshark,SSL dissector,infinite loop,DoS,denial of service,
CVE-2006-5468,Wireshark,DoS,denial of service,HTTP dissector,
CVE-2006-5469,Wireshark,DoS,denial of service,WBXML dissector,
CVE-2006-4333,Wireshark,DoS,denial of service,SSCOP dissector,malformed packets,
CVE-2006-4331,Wireshark,DoS,denial of service,off-by-one,IPSec,
CVE-2006-4330,Wireshark,DoS,denial of service,unspecified vulnerability,SCSI dissector,
CVE-2006-4332,Wireshark,DoS,denial of service,DHCP dissector,Ethereal,
CVE-2006-4805,Wireshark,DoS,denial of service,XOT dissector,epan/dissectors/packet-xot.c,
CVE-2006-5740,Wireshark,DoS,denial of service,LDAP dissector,
